Drug_ID,Drug,Y
Drug 0,O=[N+]([O-])c1ccc(Cl)cc1,0.0
Drug 3,Nc1ccc([N+](=O)[O-])cc1,1.0
Drug 4,O=[N+]([O-])c1ccc(O)cc1,0.0
Drug 15,O=C(O)c1ccc(C(=O)O)cc1,0.0
Drug 22,Cl[Dy](Cl)Cl,0.0
Drug 38,CCN(CC)CCO,0.0
Drug 45,CCCCCC(CO)CCC,0.0
Drug 46,OB(O)O,0.0
Drug 55,OCc1ccccc1,0.0
Drug 59,N#Cc1cccnc1,0.0
Drug 65,ON=C1CCCCC1,0.0
Drug 71,CCNc1nc(N)nc(Cl)n1,0.0
Drug 77,CC(C)(c1ccccc1)c1ccc(Nc2ccc(C(C)(C)c3ccccc3)cc2)cc1,0.0
Drug 81,O=Cc1ccccc1S(=O)(=O)[O-].[Na+],0.0
Drug 85,C1N2CN3CN1CN(C2)C3,0.0
Drug 89,c1ccc(OP(Oc2ccccc2)Oc2ccccc2)cc1,0.0
Drug 92,Clc1nc(Cl)nc(Nc2ccccc2Cl)n1,0.0
Drug 94,CC(Oc1cccc(Cl)c1)C(=O)O,0.0
Drug 102,CC(C)OC(=O)Nc1cccc(Cl)c1,1.0
Drug 107,C=CCOc1nc(OCC=C)nc(OCC=C)n1,0.0
Drug 112,O=C(NC(=O)c1c(F)cccc1F)Nc1ccc(Oc2ccc(C(F)(F)F)cc2Cl)cc1F,0.0
Drug 120,Nc1ccc(Nc2ccccc2)cc1,0.0
Drug 121,Brc1ccc(Oc2ccccc2)cc1,0.0
Drug 122,CN(C)c1ccc(Cc2ccc(N(C)C)cc2)cc1,0.0
Drug 123,C[C@]12C=CC3=C4CCC(=O)C=C4CC[C@H]3[C@@H]1CC[C@@H]2O,0.0
Drug 135,c1ccc(Cc2ccccc2)cc1,0.0
Drug 140,c1ccc(Oc2ccccc2)cc1,0.0
Drug 142,CCCCCCC(C=O)=Cc1ccccc1,1.0
Drug 153,N=C(Nc1ccccc1)Nc1ccccc1,1.0
Drug 164,N#CC(Br)(Br)C(N)=O,0.0
Drug 166,CCNc1cccc(C)c1,0.0
Drug 174,ClC1=C(Cl)C2(Cl)C3C4OC4C(Cl)C3C1(Cl)C2(Cl)Cl,1.0
Drug 180,CC(O)CN(CCN(CC(C)O)CC(C)O)CC(C)O,0.0
Drug 183,COP(N)(=O)SC,0.0
Drug 184,Cl.N#Cc1ccc(C2CCCc3cncn32)cc1,0.0
Drug 204,O=C(NC(=O)c1c(F)cccc1F)Nc1cc(Cl)c(OC(F)(F)C(F)C(F)(F)F)cc1Cl,1.0
Drug 206,CCCCC(CC)COC(C)=O,0.0
Drug 208,O=S1(=O)OCC2C(CO1)C1(Cl)C(Cl)=C(Cl)C2(Cl)C1(Cl)Cl,1.0
Drug 210,C=CC(=O)OCC(CC)CCCC,0.0
Drug 218,CCCCC(CC)COC(=O)CCCCCCCC(=O)OCC(CC)CCCC,0.0
Drug 229,C1CN(SSN2CCOCC2)CCO1,1.0
Drug 230,C#CCN1C(=O)COc2cc(F)c(N3C(=O)C4=C(CCCC4)C3=O)cc21,0.0
Drug 237,CCCCCCCCOC(=O)c1cc(O)c(O)c(O)c1,1.0
Drug 238,O=C(C=Cc1ccccc1)OCc1ccccc1,1.0
Drug 260,CCNc1ccccc1,0.0
Drug 293,Cc1cnc(C2=NC(=O)C(C)(C(C)C)N2)c(C(=O)O)c1,0.0
Drug 295,CCCCc1ccc(N)cc1,0.0
Drug 316,CCCCCCCCCc1ccc(O)cc1,1.0
Drug 317,CCCCCCCCCCCCc1ccc(O)cc1,1.0
Drug 322,CCCCc1ccccc1,0.0
Drug 325,OCC=Cc1ccccc1,0.0
Drug 333,CCCCCCCC1CCC(=O)O1,0.0
Drug 338,CCCCC(CC)CO,0.0
Drug 361,CCCC1CCC(=O)O1,0.0
Drug 368,CCOC(=O)CC,0.0
Drug 379,CCCC(=O)OCC,0.0
Drug 380,CCNC(=S)NCC,0.0
Drug 386,O=C1CCCCCN1,0.0
Drug 388,CC(C)c1cccc(C(C)C)c1N1C(=O)c2ccc(O)cc2C1=O,1.0
Drug 397,CC(=O)OC/C=C(\C)CCC=C(C)C,0.0
Drug 404,CCCCOC(=O)CCCCC(=O)OCCCC,0.0
Drug 408,COC(=O)Nc1nc2ccccc2[nH]1,1.0
Drug 412,CCOc1cccc(-n2cc(C(=O)N3CCN(c4cc(C(=O)[O-])c5ccccc5c4)CC3)nc2-c2ccc(C)cc2)c1.[Na+],1.0
Drug 417,CC(C)=CCCC(C)CCO,0.0
Drug 418,CC(C)=CCCC(C)CC=O,0.0
Drug 419,CC(C)=CCC/C(C)=C/CO,0.0
Drug 420,CC(C)=CCC/C(C)=C\CO,0.0
Drug 422,CCCC(=O)OCCC(C)C,0.0
Drug 434,Cc1ccc(Cl)cc1,0.0
Drug 435,Cc1ccc(O)cc1,0.0
Drug 436,Cc1ccc(S)cc1,1.0
Drug 438,Clc1ccc(Cl)cc1,0.0
Drug 449,COC(=O)CCC(=O)OC,0.0
Drug 450,CCCCCC(=O)CC,0.0
Drug 454,CCC[Si](OC)(OC)OC,0.0
Drug 458,C=C[Si](OCCOC)(OCCOC)OCCOC,0.0
Drug 462,C1CC2OC2CC1C1CO1,0.0
Drug 464,Cc1nc(-c2ccccn2)ncc1C(=O)Nn1cc(C)c2cc(F)ccc21,0.0
Drug 468,BrCCBr,0.0
Drug 487,C=CCO,0.0
Drug 490,O=CCCl,1.0
Drug 492,CCCCCCCCCOS(=O)(=O)[O-].[Na+],0.0
Drug 504,CC(O)CC(C)(C)O,0.0
Drug 507,C[Si](C)(C)O[Si](C)(C)C,0.0
Drug 510,C[Si](C)(C)O[Si](C)(C)O[Si](C)(C)C,0.0
Drug 511,CC(C)(C)C(O)(CCc1ccc(Cl)cc1)Cn1cncn1,1.0
Drug 512,C#CC(C)(O)CC(C)C,0.0
Drug 518,O=C(O)C1CCC(C(=O)O)CC1,0.0
Drug 524,CC(CC=O)CCCC(C)(C)O,0.0
Drug 532,CCCC(=O)O,0.0
Drug 536,CN(C)CCO,0.0
Drug 543,CC(C)CC(C)O,0.0
Drug 551,CC(=O)OC(C)C,0.0
Drug 558,CC1COC(=O)O1,0.0
Drug 561,Cc1cccc(C)c1,0.0
Drug 562,Cc1cccc(O)c1,0.0
Drug 566,Nc1cccc(N)c1,0.0
Drug 570,CCCCCCCOC(=O)c1ccc(O)cc1,1.0
Drug 578,Cc1cc(C)cc(C)c1,0.0
Drug 579,Cc1cc(C)cc(O)c1,0.0
Drug 583,Clc1nc(Cl)nc(Cl)n1,0.0
Drug 595,NC1CCCCC1,0.0
Drug 597,OC1CCCCC1,0.0
Drug 598,O=C1CCCCC1,0.0
Drug 599,Oc1ccccc1,0.0
Drug 602,CN1CCOCC1,0.0
Drug 617,CCCCOC(=O)CCCCCCCCC(=O)OCCCC,0.0
Drug 618,CCCCNC(=S)NCCCC,0.0
Drug 619,CCCCC(=O)O,0.0
Drug 622,CN(C)CCCN,0.0
Drug 624,CCC(=O)C(CC(C)N(C)C)(c1ccccc1)c1ccccc1.Cl,1.0
Drug 633,N#CCC#N,1.0
Drug 640,COCCO,0.0
Drug 650,CC(C)(C)OOC(C)(C)C,0.0
Drug 653,CC(=O)CCC(C)C,0.0
Drug 656,O=C(O)CCC(=O)O,0.0
Drug 657,O=C(O)/C=C\C(=O)O,0.0
Drug 663,CC#Cc1cc(C)nc(Nc2ccccc2)n1,0.0
Drug 666,C=CC(=O)NCNC(=O)C=C,0.0
Drug 667,CCCCCCCCCCCCCC(=O)OC(C)C,0.0
Drug 668,CCCCCCOC(=O)CCCCC(=O)OCCCCCC,0.0
Drug 674,CCCCCCCCCC(=O)OC,0.0
Drug 675,CCCCCC(C)=O,0.0
Drug 678,COc1ccc(C(=CC(=O)N2CCOCC2)c2ccc(Cl)cc2)cc1OC,0.0
Drug 688,OCCCCO,0.0
Drug 689,OCC#CCO,0.0
Drug 693,CCNCCO,0.0
Drug 698,C1CNCCN1,0.0
Drug 701,C1=COCCC1,0.0
Drug 704,C1COCCN1,0.0
Drug 711,CC(O)CNCC(C)O,0.0
Drug 717,CCCCCCCC(=O)OC,1.0
Drug 719,CCCCCCC(=O)O,0.0
Drug 720,CCOCCOC(C)=O,0.0
Drug 723,NC(=O)[O-].[NH4+],0.0
Drug 727,CO[Si](C)(C)OC,0.0
Drug 731,CCCCCCO,0.0
Drug 739,NCCNCCN,0.0
Drug 742,OCCNCCO,0.0
Drug 745,ClCCOCCCl,0.0
Drug 746,OCCOCCO,0.0
Drug 748,CCCCN(CC)C(=O)SCCC,0.0
Drug 752,CC(=O)OCCOC(C)=O,0.0
Drug 755,CCCCCCCC/C=C\CCCCCCCC(=O)OCC,0.0
Drug 762,N#CCCCCC#N,0.0
Drug 767,CCCCOCCO,0.0
Drug 768,COCCOCCO,0.0
Drug 773,Cc1nn(C)c(Oc2ccccc2)c1C=NOCc1ccc(C(=O)OC(C)(C)C)cc1,1.0
Drug 779,CCCCCCCCC,0.0
Drug 784,CCCCCCCCO,0.0
Drug 787,CCOCCOCCO,0.0
Drug 790,COC(=O)CCCC(=O)OC,0.0
Drug 797,N#C/N=C1\SCCN1Cc1ccc(Cl)nc1,0.0
Drug 801,CCCCCCCCCCCCCCCCOS(=O)(=O)[O-].[Na+],0.0
Drug 802,CCCCCCCCCCCCCCCCCCOS(=O)(=O)[O-].[Na+],1.0
Drug 803,CCCCCCCCCCCC[N+](C)(C)C.[Cl-],1.0
Drug 804,CCCCCCCCCCC,0.0
Drug 810,O=S1(=O)CCCO1,0.0
Drug 811,CCCCOCCOC(C)=O,0.0
Drug 814,CCCCCCCCOC(C)=O,0.0
Drug 823,CC(C)(C)N(NC(=O)c1ccc(Cl)cc1)C(=O)c1ccccc1,0.0
Drug 825,CCCCCCOCCO,0.0
Drug 829,OCCOCCOCCO,0.0
Drug 830,FC(F)C(F)(F)OCC(Cn1cncn1)c1ccc(Cl)cc1Cl,1.0
Drug 832,CCCCCCCCCCO,0.0
Drug 833,CCCCCCCCCC=O,0.0
Drug 834,CCCCOCCOCCO,0.0
Drug 835,COCCOCCOCCO,0.0
Drug 847,CCc1ccc(C(=O)NN(C(=O)c2cc(C)cc(C)c2)C(C)(C)C)cc1,0.0
Drug 850,CCCCCCCCCCCO,1.0
Drug 856,COCCOCCOCCOC,0.0
Drug 860,CCc1ccc(CCOc2ccc(CC3SC(=O)NC3=O)cc2)nc1.Cl,0.0
Drug 862,CCCCCCCCCCCCS,0.0
Drug 873,CCCCCCCCCCCCCO,0.0
Drug 877,O=C(O)Cn1c(=O)n(Cc2ccc(Br)cc2F)c(=O)c2ccc(Cl)cc21,0.0
Drug 880,N#Cc1ccc(C(c2ccc(C#N)cc2)n2cncn2)cc1,0.0
Drug 893,O=C(O)C1(C(=O)Nc2ccc(Cl)cc2Cl)CC1,0.0
Drug 902,CCCCC(CC)CN1C(=O)C2C3C=CC(C3)C2C1=O,1.0
Drug 910,CC(Cc1ccc(OCC(=O)O)cc1)NCC(O)c1csc(C(F)(F)F)n1,0.0
Drug 924,O=C1c2c(O)cccc2Cc2cccc(O)c21,0.0
Drug 954,O=C(O)C1C(C(=O)O)C2(Cl)C(Cl)=C(Cl)C1(Cl)C2(Cl)Cl,0.0
Drug 955,O=S1OCC2C(CO1)C1(Cl)C(Cl)=C(Cl)C2(Cl)C1(Cl)Cl,1.0
Drug 957,OC(c1ccc(Cl)cc1)(c1ccc(Cl)cc1)C(Cl)(Cl)Cl,1.0
Drug 962,O=S1(=O)OC(c2cc(Br)c(O)c(Br)c2)(c2cc(Br)c(O)c(Br)c2)c2ccccc21,0.0
Drug 973,OCC(CO)(CO)CO,0.0
Drug 980,C=CC(C)(CCC=C(C)C)OC(C)=O,0.0
Drug 982,O=P(OCCCl)(OCCCl)OCCCl,0.0
Drug 984,CC1CC(O)CC(C)(C)C1,0.0
Drug 989,Clc1ccc(C2(Cn3cncn3)CC(Br)CO2)c(Cl)c1,0.0
Drug 990,CC1(C)C(=O)NC(=O)N1CO,0.0
Drug 1007,CCCCCCCCCCCCOC(=O)c1cc(O)c(O)c(O)c1,1.0
Drug 1010,O=C(NC(=O)c1c(F)cccc1F)Nc1ccc(OC(F)(F)C(F)OC(F)(F)F)c(Cl)c1,0.0
Drug 1023,O=c1c(O)c(-c2ccc(O)c(O)c2)oc2cc(O)cc(O)c12,0.0
Drug 1025,CO/C=C(/C(=O)OC)c1ccccc1COc1cccc(C(F)(F)F)n1,0.0
Drug 1033,O=C1C(Cl)=C(Cl)C(=O)c2ccccc21,1.0
Drug 1034,CCCCC(CC)COC(=O)c1ccccc1C(=O)OCC(CC)CCCC,0.0
Drug 1038,CCCCCCCCOC(=O)c1ccccc1C(=O)OCCCCCCCC,0.0
Drug 1047,CCCN(CC)CC1COC2(CCC(C(C)(C)C)CC2)O1,1.0
Drug 1056,O=C(O)C1=NN(c2ccc(S(=O)(=O)O)cc2)C(=O)C1,0.0
Drug 1059,CC1(C)C(=O)N(Cl)C(=O)N1Cl,0.0
Drug 1062,O=C(Oc1ccccc1)c1ccccc1O,0.0
Drug 1063,CC1CC(OC(=O)c2ccccc2O)CC(C)(C)C1,1.0
Drug 1065,O=C(OCc1ccccc1)c1ccccc1O,1.0
Drug 1074,Cc1occc(=O)c1O,0.0
Drug 1079,CC(C)(C)c1cc(Cc2cc(C(C)(C)C)c(O)c(C(C)(C)C)c2)cc(C(C)(C)C)c1O,0.0
Drug 1089,CC(=O)c1ccccc1O,0.0
Drug 1091,CCCCCCCCCCOC(=O)c1ccccc1C(=O)OCCCCCCCC,0.0
Drug 1096,CCCCCCCCCCCCCCOS(=O)(=O)[O-].[Na+],1.0
Drug 1104,O=c1ssc(Cl)c1Cl,0.0
Drug 1114,COC(=O)c1ccccc1O,0.0
Drug 1121,CC1COC(Cn2cncn2)(c2ccc(Oc3ccc(Cl)cc3)cc2Cl)O1,1.0
Drug 1125,CCC(C)OC(=O)N1CCCCC1CCO,0.0
Drug 1131,O=C(c1ccccc1)c1ccccc1,0.0
Drug 1132,c1ccc2c(c1)CCCC2,0.0
Drug 1141,Cc1cc(-c2ccc(N)c(C)c2)ccc1N,0.0
Drug 1144,N#Cc1nn(-c2c(Cl)cc(C(F)(F)F)cc2Cl)c(N)c1S(=O)C(F)(F)F,1.0
Drug 1147,Cc1ccc(-c2c(Cl)nc(C#N)n2S(=O)(=O)N(C)C)cc1,1.0
Drug 1148,c1ccc2cc3ccccc3cc2c1,0.0
Drug 1149,COc1ccc(C=O)cc1OC,0.0
Drug 1155,Oc1ccc(Cl)cc1Cc1ccccc1,1.0
Drug 1156,CC(Oc1ccc(Cl)cc1Cl)C(=O)O,0.0
Drug 1162,O=C(CC(=O)c1ccccc1)c1ccccc1,0.0
Drug 1163,CCOC(=O)c1ccc(O)cc1,0.0
Drug 1165,CC(C)(C#N)c1cc(Cn2cncn2)cc(C(C)(C)C#N)c1,0.0
Drug 1166,O=C(OCc1ccccc1)c1ccccc1,1.0
Drug 1173,COC(=O)c1ccc(C(=O)OC)cc1,0.0
Drug 1176,CN(C)Cc1ccccc1O,0.0
Drug 1185,Clc1ccc(Cl)c(Cl)c1,0.0
Drug 1189,O=C1CCCC1,0.0
Drug 1193,CCC(C)(C)c1ccc(O)c(C(C)(C)CC)c1,1.0
Drug 1197,COc1ccc(O)c(C(C)(C)C)c1,1.0
Drug 1204,CC1C=[C-]C=C1.[C-]#[O+].[C-]#[O+].[C-]#[O+].[Mn+],0.0
Drug 1206,Cc1ccc([N+](=O)[O-])cc1[N+](=O)[O-],0.0
Drug 1214,CCOc1cc(C=O)ccc1O,0.0
Drug 1230,CN(C)c1ccccc1,0.0
Drug 1236,CCCOC(=O)c1cc(O)c(O)c(O)c1,1.0
Drug 1245,O=C(O)c1cccc(C(=O)O)c1,0.0
Drug 1251,CCCCOC(=O)[C@@H](C)Oc1ccc(Oc2ccc(C#N)cc2F)cc1,1.0
Drug 1259,COP(=S)(OC)Oc1ccc([N+](=O)[O-])c(C)c1,0.0
Drug 1270,CCNc1nc(Cl)nc(NCC)n1,0.0
Drug 1273,CCCCCC(C=O)=Cc1ccccc1,1.0
Drug 1274,CC(C)OC(=O)Nc1ccccc1,0.0
Drug 1275,CCOCn1c(-c2ccc(Cl)cc2)c(C#N)c(Br)c1C(F)(F)F,1.0
Drug 1280,CCOC(OCC)OCC,0.0
Drug 1285,CC(=O)C=Cc1ccccc1,0.0
Drug 1314,OCCOc1ccccc1,0.0
Drug 1315,NCCCN1CCOCC1,0.0
Drug 1322,CCc1ccc(O)cc1,0.0
Drug 1324,COc1ccc(C=O)cc1,0.0
Drug 1325,COCCOC[C@H](CC1(C(=O)N[C@H]2CC[C@@H](C(=O)O)CC2)CCCC1)C(=O)Oc1ccc2c(c1)CCC2,0.0
Drug 1327,CC(C)CC(C)CC(O)CC(C)C,0.0
Drug 1330,CCOC(=O)CCC(=O)OCC,0.0
Drug 1334,CC1=NNC(=O)N(/N=C/c2cccnc2)C1,0.0
Drug 1336,Oc1ccc(O)cc1,1.0
Drug 1337,O=c1ccc(=O)[nH][nH]1,0.0
Drug 1355,CCCCCC(=O)OCC,0.0
Drug 1359,NC(=O)N=NC(N)=O,0.0
Drug 1363,CC(=O)OCCC(C)C,0.0
Drug 1368,O=C(O)CCCCCCCC(=O)O,0.0
Drug 1371,O=C(O)CCCCC(=O)O,0.0
Drug 1375,NCCCCCCN,0.0
Drug 1378,CCCCCCCC=O,0.0
Drug 1380,CCCCCCCCCC,0.0
Drug 1381,CCCCC(CC)COP(=O)(Oc1ccccc1)Oc1ccccc1,1.0
Drug 1382,CCCCCCCCC=O,0.0
Drug 1392,Fc1ccc(Oc2ccnc3cc(Cl)cc(Cl)c23)cc1,1.0
Drug 1399,CC1(C)[C@@H]2CC[C@@]1(C)[C@H](O)C2,0.0
Drug 1406,C[C@]12C[C@H](O)[C@@]3(F)[C@@H](CCC4=CC(=O)C=C[C@@]43C)[C@@H]1C[C@@H](O)[C@]2(O)C(=O)CO,0.0
Drug 1408,CC1(C)CCC(Cc2ccc(Cl)cc2)C1(O)Cn1cncn1,1.0
Drug 1409,CC(=O)O[C@@H]1C[C@H]2CC[C@]1(C)C2(C)C,0.0
Drug 1427,CC(CCC(=O)O)(c1ccc(O)cc1)c1ccc(O)cc1,0.0
Drug 1429,CC1(C)C(=O)N(Br)C(=O)N1Cl,0.0
Drug 1431,O=[N+]([O-])C(CO)(CO)CO,0.0
Drug 1432,CC(=O)OC[C@H]1O[C@H](O[C@]2(COC(C)=O)O[C@H](COC(C)=O)[C@@H](OC(C)=O)[C@@H]2OC(C)=O)[C@H](OC(C)=O)[C@@H](OC(C)=O)[C@@H]1OC(C)=O,0.0
Drug 1445,O=P(OCC(Br)CBr)(OCC(Br)CBr)OCC(Br)CBr,0.0
Drug 1446,CCCCOP(=O)(OCCCC)OCCCC,0.0
Drug 1449,CC1(C(=O)Nc2ccc(O)c(Cl)c2Cl)CCCCC1,0.0
Drug 1451,CC(C)CC(C)(O)C#CC(C)(O)CC(C)C,0.0
Drug 1452,CCCCC(CC)COS(=O)(=O)[O-].[Na+],0.0
Drug 1453,C=C(C)C#N,0.0
Drug 1463,CC(=O)N(C)C,0.0
Drug 1465,COC(=O)[C@]1(C)CCC[C@]2(C)[C@H]3CCC(C(C)C)=CC3=CC[C@@H]12,1.0
Drug 1472,CC(C)COC(=O)CC(C(=O)OCC(C)C)S(=O)(=O)[O-].[Na+],0.0
Drug 1477,CC(=O)/C(C)=C/C1C(C)=CCCC1(C)C,0.0
Drug 1502,Nc1ccc(N)c2c1C(=O)c1ccccc1C2=O,1.0
Drug 1503,c1cc2ccc3cccc4ccc(c1)c2c34,0.0
Drug 1505,CC(=O)CC(c1ccccc1)c1c([O-])c2ccccc2oc1=O.[Na+],0.0
Drug 1516,C[C@]12CC[C@@H]3c4ccc(O)cc4C[C@@H](CCCCCCCCCS(=O)CCCC(F)(F)C(F)(F)F)[C@H]3[C@@H]1CC[C@@H]2O,0.0
Drug 1532,O=S(=O)([O-])c1cccc2ccccc12.[Na+],0.0
Drug 1541,[As]#[In],0.0
Drug 1567,C=CCOC(=O)c1ccccc1C(=O)OCC=C,0.0
Drug 1568,CCCCCOC(=O)c1ccccc1C(=O)OCCCCC,1.0
Drug 1570,N#Cc1c[nH]cc1-c1cccc2c1OC(F)(F)O2,0.0
Drug 1577,O=C(c1ccccc1)c1ccc(O)cc1O,0.0
Drug 1582,CC(=O)c1cc(C(C)(C)C)cc2c1CCC2(C)C,0.0
Drug 1586,CC1(c2ccc(Oc3ccccc3)cc2)OC(=O)N(Nc2ccccc2)C1=O,1.0
Drug 1589,CO/C=C(/C(=O)OC)c1ccccc1Oc1cc(Oc2ccccc2C#N)ncn1,0.0
Drug 1596,Cc1ccc(N=Nc2c(O)ccc(N=Nc3ccc(S(=O)(=O)[O-])cc3)c2O)c(C)c1.[Na+],0.0
Drug 1607,CC(C)CCCC(C)(C)O,0.0
Drug 1611,c1ccc2c(c1)oc1ccccc12,0.0
Drug 1612,c1ccc2c(c1)sc1ccccc12,0.0
Drug 1619,CO[C@H]1/C=C/O[C@@]2(C)Oc3c(C)c(O)c4c(O)c(c(/C=N/N5CCN(C)CC5)c(O)c4c3C2=O)NC(=O)/C(C)=C\C=C\[C@H](C)[C@H](O)[C@@H](C)[C@@H](O)[C@@H](C)[C@H](OC(C)=O)[C@@H]1C,0.0
Drug 1623,CCN(CCC#N)c1ccc(N=Nc2c(Cl)cc([N+](=O)[O-])cc2Cl)cc1,0.0
Drug 1624,O=C1C2CC=CCC2C(=O)N1SC(Cl)(Cl)Cl,0.0
Drug 1625,O=C1c2ccccc2C(=O)N1SC(Cl)(Cl)Cl,0.0
Drug 1629,CC(C)C(=O)Nc1ccc([N+](=O)[O-])c(C(F)(F)F)c1,0.0
Drug 1652,Fc1ccc(C2(Cn3cncn3)OC2c2ccccc2Cl)cc1,0.0
Drug 1654,O=C(O)c1cccc(C[C@@H]2COc3ccc(OCc4nc5cc(F)ccc5s4)cc3[C@@H]2O)c1,1.0
Drug 1656,O=C1O[C@H]([C@@H](O)CO)C([O-])=C1O.[Na+],1.0
Drug 1666,O=S(=O)(O)O.Oc1cccc2cccnc12.Oc1cccc2cccnc12,1.0
Drug 1671,CC(C)c1c(C(=O)Nc2ccccc2)c(-c2ccccc2)c(-c2ccc(F)cc2)n1CC[C@@H](O)C[C@@H](O)CC(=O)[O-].CC(C)c1c(C(=O)Nc2ccccc2)c(-c2ccccc2)c(-c2ccc(F)cc2)n1CC[C@@H](O)C[C@@H](O)CC(=O)[O-].[Ca+2],1.0
Drug 1674,C=CCOC(=O)C(C)(C)OC(=O)c1cc(-n2c(=O)cc(C(F)(F)F)n(C)c2=O)ccc1Cl,0.0
Drug 1675,CCN(CC)C(=O)c1cccc(C)c1,0.0
Drug 1676,[O-][n+]1ccccc1S[Zn]Sc1cccc[n+]1[O-],1.0
Drug 1694,NC(=O)N1C(=O)C(C(=O)c2cc(Cl)cs2)c2cc(F)c(Cl)cc21,1.0
Drug 1696,CSC(=O)c1cccc2nnsc12,0.0
Drug 1698,Oc1ccc2ccccc2c1,0.0
Drug 1705,C/C(=N\C#N)N(C)Cc1ccc(Cl)nc1,0.0
Drug 1740,CCCCOC(=O)c1ccccc1,0.0
Drug 1741,CC(CCl)OP(=O)(OC(C)CCl)OC(C)CCl,0.0
Drug 1742,O=P(OC(CCl)CCl)(OC(CCl)CCl)OC(CCl)CCl,1.0
Drug 1744,CCCCCCc1ccc(O)cc1O,1.0
Drug 1748,CCc1cc(Cc2cc(CC)c(N)c(CC)c2)cc(CC)c1N,1.0
Drug 1750,CCOC(=O)Nc1cccc(OC(=O)Nc2ccccc2)c1,0.0
Drug 1769,CN(C)C(=S)SSC(=S)N(C)C,1.0
Drug 1771,CN(C)C(=S)[S-].CN(C)C(=S)[S-].[Zn+2],1.0
Drug 1775,CNC(=S)[S-].[Na+],0.0
Drug 1776,F[B-](F)(F)F.[Na+],0.0
Drug 1780,CCCCCCCCCCCCCCCC(=O)OC[C@H](O)[C@H]1OC(=O)C(O)=C1O,1.0
Drug 1803,C=C(C)C1CC=C(C)CC1,0.0
Drug 1822,COc1cccc([C@H](O)C2CCN(CCc3ccc(F)cc3)CC2)c1OC,1.0
Drug 1836,CCN(CCO)CCO,0.0
Drug 1837,CCCCC(CC)CCC(CC(C)C)OS(=O)(=O)[O-].[Na+],0.0
Drug 1838,CCCCCCCCCCCCOS(=O)(=O)O.OCCN(CCO)CCO,0.0
Drug 1844,ClCCOP(OCCCl)OCCCl,0.0
Drug 1847,O=C(OC[C@H]1O[C@@H](OC(=O)c2cc(O)c(O)c(OC(=O)c3cc(O)c(O)c(O)c3)c2)[C@H](OC(=O)c2cc(O)c(O)c(OC(=O)c3cc(O)c(O)c(O)c3)c2)[C@@H](OC(=O)c2cc(O)c(O)c(OC(=O)c3cc(O)c(O)c(O)c3)c2)[C@@H]1OC(=O)c1cc(O)c(O)c(OC(=O)c2cc(O)c(O)c(O)c2)c1)c1cc(O)c(O)c(OC(=O)c2cc(O)c(O)c(O)c2)c1,1.0
Drug 1861,CN(C)c1ccc(N=NS(=O)(=O)[O-])cc1.[Na+],1.0
Drug 1867,C=CCc1ccc(OC)cc1,0.0
Drug 1880,O=C(NCO)NCO,0.0
Drug 1883,CC(C)COC(=O)CCCCC(=O)OCC(C)C,0.0
Drug 1892,CCCCCC[C@@H](O)C/C=C\CCCCCCCC(=O)O,1.0
Drug 1896,C=CC(=O)OCCCC,0.0
Drug 1898,NCCO,0.0
Drug 1904,COP(=O)(OC)O/C(C)=C/C(=O)N(C)C,0.0
Drug 1908,CC(=O)C=C(C)C,0.0
Drug 1920,Cl.Nc1ccccc1,0.0
Drug 1926,CCCCC(CC)COC(=O)/C=C\C(=O)OCC(CC)CCCC,1.0
Drug 1928,CCCCCCCCCCCC(=O)OCC(O)CO,1.0
Drug 1938,CCCCCCCCOS(=O)(=O)[O-].[Na+],0.0
Drug 1946,CCCCCC(=O)O,0.0
Drug 1954,CCCCCCCCCCOS(=O)(=O)[O-].[Na+],0.0
Drug 1961,CCCCCCCCCCCC(=O)O,0.0
Drug 1978,CO/N=C(/C(=O)OC)c1ccccc1COc1ccccc1C,0.0
Drug 1980,CC(=O)[C@H]1[C@H](C#N)C[C@H]2[C@@H]3CC=C4C[C@@H](O)CC[C@]4(C)[C@H]3CC[C@@]21C,0.0
Drug 1984,CC(C)C1=CC2=CC[C@H]3[C@](C)(C(=O)[O-])CCC[C@]3(C)[C@H]2CC1.[Na+],0.0
Drug 1986,O=C/C=C/c1ccccc1,0.0
Drug 1987,O=S1(=O)OC(c2ccc(O)cc2)(c2ccc(O)cc2)c2ccccc21,0.0
Drug 2008,CC(C)OP(C)(=O)OC(C)C,0.0
Drug 2038,O=C(O)C1C2CCC(O2)C1C(=O)O,1.0
Drug 2048,COC(=O)c1cccc(C(=O)OC)c1,0.0
Drug 2052,CCCC[Sn](Cl)(CCCC)CCCC,1.0
Drug 2053,CCCC[Sn](CCCC)(CCCC)CCCC,1.0
Drug 2088,CCC(C)C1CCCCC1=O,0.0
Drug 2091,NCc1cccc(CN)c1,0.0
Drug 2093,O=C[C@@H](O)[C@H](O)[C@H](O)CO,0.0
Drug 2094,Oc1ccc(C(c2ccc(O)cc2)(C(F)(F)F)C(F)(F)F)cc1,1.0
Drug 2102,CCOP(=S)(OCC)O/N=C(\C#N)c1ccccc1,0.0
Drug 2104,Oc1cccc2cccnc12,1.0
Drug 2106,CCC(C)(C)C(=O)OC1=C(c2cc(Cl)cc(Cl)c2)C(=O)OC12CCCCC2,1.0
Drug 2120,CC(=O)C=CC1=C(C)CCCC1(C)C,0.0
Drug 2121,Cl.Clc1cc(Cl)c2c(c1)N=C1CCCCCN1C2,0.0
Drug 2136,CCCCC(CC)C(=O)O,0.0
Drug 2149,COc1ccc(-c2ccccc2)cc1NNC(=O)OC(C)C,0.0
Drug 2163,Cc1ccccc1S(=O)(=O)[O-].[Na+],0.0
Drug 2170,COc1ccc(OC)cc1,0.0
Drug 2182,CCCCCCCCCCCCOS(=O)(=O)[O-].[Na+],1.0
Drug 2199,C=CC(=O)NC(C)(C)CS(=O)(=O)O,1.0
Drug 2212,CCN(CC)C(=O)C(C)Oc1cccc2ccccc12,0.0
Drug 2220,CCOc1cc(C(C)(C)C)ccc1C1COC(c2c(F)cccc2F)=N1,1.0
Drug 2231,CN1COCN(Cc2cnc(Cl)s2)C1=N[N+](=O)[O-],0.0
Drug 2237,CCCCCCCCCCCCN1CCOCC1,1.0
Drug 2243,Nc1nc2nc[nH]c2c(=S)[nH]1,1.0
Drug 2249,CCCCc1ccc(Cl)cc1,0.0
Drug 2263,CCCCOCCOCCOCCOCCO,0.0
Drug 2264,CCCCC(CC)COCCO,0.0
Drug 2267,CCC(C)(NC(=O)c1cc(Cl)c(C)c(Cl)c1)C(=O)CCl,1.0
Drug 2269,O=Nc1ccc(Nc2ccccc2)cc1,1.0
Drug 2278,CNC(=O)Oc1cccc2c1OC(C)(C)C2,0.0
Drug 2280,CCOc1ccc(N)cc1,0.0
Drug 2298,CCCOCC(C)O,0.0
Drug 2299,CCOCC(C)O,0.0
Drug 2302,Cc1cc(Cl)ccc1O,0.0
Drug 2306,O=C([O-])CN(CCN(CC(=O)[O-])CC(=O)[O-])CC(=O)[O-].[Fe+3].[Na+],0.0
Drug 2318,O=C(O)C1(c2ccc3c(c2)OC[C@H](Cc2ccc(-c4ccccc4)cc2)[C@H]3O)CCCC1,1.0
Drug 2327,CC(C)c1ccc(C(=O)N=C(N)N)cc1S(C)(=O)=O.CS(=O)(=O)O,0.0
Drug 2334,CCc1cccc(CC)c1N(COC)C(=O)CCl,0.0
Drug 2349,COc1nc(NC(C)C)nc(NC(C)C)n1,0.0
Drug 2350,COc1cccc(C(=O)NN(C(=O)c2cc(C)cc(C)c2)C(C)(C)C)c1C,0.0
Drug 2352,CSC1=N[C@@](C)(c2ccccc2)C(=O)N1Nc1ccccc1,0.0
Drug 2364,CC=C1CC2C=CC1C2,0.0
Drug 2368,CC(C)(C)c1ccc(-c2ccc(C(C)(C)C)cc2)cc1,0.0
Drug 2370,Cc1c(-c2cccnc2)c2ccccc2n1CCCCC(=O)O,1.0
Drug 2379,CC12CCC(C1)C(C)(C)C2O,0.0
Drug 2383,CCOC(=O)CC(SP(=O)(OC)OC)C(=O)OCC,0.0
Drug 2385,CCOC(=O)C1=NOC(c2ccccc2)(c2ccccc2)C1,0.0
Drug 2388,CCCCc1ccc(O)cc1,1.0
Drug 2394,O=C([O-])c1ccccc1-c1c2cc(I)c(=O)c(I)c-2oc2c(I)c([O-])c(I)cc12.[Na+].[Na+],0.0
Drug 2399,CSC(C)(C)C=NO,0.0
Drug 2401,CNC(=O)O/N=C/C(C)(C)S(C)(=O)=O,0.0
Drug 2412,CN/C(=N/[N+](=O)[O-])NCC1CCOC1,0.0
Drug 2426,O=P(O)(O)CCCl,0.0
Drug 2433,CCCCCCC(=O)c1ccccc1,0.0
Drug 2438,CNC(=O)ON=C(C)SC,0.0
Drug 2439,CC(C)(c1ccc(OCC2CO2)cc1)c1ccc(OCC2CO2)cc1,1.0
Drug 2470,Nc1cnn(-c2ccccc2)c(=O)c1Cl,0.0
Drug 2498,Oc1ccc2c(c1)OC[C@@H](N1CCC(O)(c3ccc(F)cc3)CC1)[C@H]2O,0.0
Drug 2504,OC1CCCCCCCCCCC1,0.0
Drug 2519,COC(=O)N(C(=O)N1CO[C@@]2(C(=O)OC)Cc3cc(Cl)ccc3C2=N1)c1ccc(OC(F)(F)F)cc1,1.0
Drug 2521,O=C([O-])c1ccccc1-c1c2cc(Br)c(=O)c(Br)c-2oc2c(Br)c([O-])c(Br)cc12.[Na+].[Na+],0.0
Drug 2529,Cc1ccc(C(C)c2ccc(C)c(C)c2)cc1C,1.0
Drug 2537,OC[C@H]1O[C@@H]2O[C@@H]3[C@@H](CO)O[C@H](O[C@@H]4[C@@H](CO)O[C@H](O[C@@H]5[C@@H](CO)O[C@H](O[C@@H]6[C@@H](CO)O[C@H](O[C@@H]7[C@@H](CO)O[C@H](O[C@@H]8[C@@H](CO)O[C@H](O[C@@H]9[C@@H](CO)O[C@H](O[C@H]1[C@H](O)[C@H]2O)[C@H](O)[C@H]9O)[C@H](O)[C@H]8O)[C@H](O)[C@H]7O)[C@H](O)[C@H]6O)[C@H](O)[C@H]5O)[C@H](O)[C@H]4O)[C@H](O)[C@H]3O,0.0
Drug 2566,N#C[S-].[NH4+],0.0
Drug 2586,CC[C@H](C)[C@@H](C(=O)O)n1sc2ccccc2c1=O,0.0
Drug 2592,O=C1c2ccccc2C(=O)N1SC1CCCCC1,1.0
Drug 2593,CCCCNC(=O)n1c(NC(=O)OC)nc2ccccc21,1.0
Drug 2608,C[C@H]1CCCC(=O)CCC/C=C/c2cc(O)cc(O)c2C(=O)O1,0.0
Drug 2611,NC(=O)N(O)[C@@H]1C=C[C@H](Oc2cccc(Oc3ccc(F)cc3)c2)C1,1.0
Drug 2616,CCN1CCC2(CC1)COc1cc3c(cc12)N(C(=O)c1ccc(-c2ccc(-c4nnc(C)o4)cc2C)cc1)CC3.Cl,1.0
Drug 2630,CCCOc1nn(C(=O)[N-]S(=O)(=O)c2ccccc2C(=O)OC)c(=O)n1C.[Na+],0.0
Drug 2631,COc1nn(C(=O)[N-]S(=O)(=O)c2ccccc2OC(F)(F)F)c(=O)n1C.[Na+],0.0
Drug 2632,CN(C)C(=O)NC1(c2ccccc2)CCN(CC[C@@]2(c3ccc(F)c(F)c3)CN(C(=O)c3ccccc3)CCO2)CC1.Cl,1.0
Drug 2634,C=C1CC[C@H]2C[C@@H]1C2(C)C,0.0
Drug 2657,CCCCCCCCOc1ccc(C(=O)c2ccccc2)c(O)c1,0.0
Drug 2677,COC(=O)c1c(Cl)c(Cl)c(C(=O)OC)c(Cl)c1Cl,0.0
Drug 2678,CCCCN(CC)c1c([N+](=O)[O-])cc(C(F)(F)F)cc1[N+](=O)[O-],0.0
Drug 2679,O=C(N[C@@H](Cc1ccccc1)[C@@H](O)C(=O)N1C[C@H](O)[C@H](O)C1)c1cc2cc(Cl)ccc2[nH]1,1.0
Drug 2691,C[SiH](O[Si](C)(C)C)O[Si](C)(C)C,0.0
Drug 2700,CCOC(=O)COc1cc(-n2ncc(C(F)(F)F)c(C)c2=O)c(F)cc1Cl,0.0
Drug 2712,CCCCCCCCCCCCCCN(CCO)CCO,1.0
Drug 2715,N#Cc1c(Cl)c(Cl)c(Cl)c(C#N)c1Cl,1.0
Drug 2717,CCCCCCOc1ccc(O)cc1,1.0
Drug 2718,CCCN(CCC)c1c([N+](=O)[O-])cc(S(N)(=O)=O)cc1[N+](=O)[O-],1.0
Drug 2720,CCCCNS(=O)(=O)c1ccc(C)cc1,0.0
Drug 2724,CCNc1nc(Cl)nc(NC(C)C)n1,0.0
Drug 2732,CC(C)N(C(=O)CCl)c1ccccc1,1.0
Drug 2745,CCCCOCCOC(=O)COc1ccc(Cl)cc1Cl,0.0
Drug 2747,Clc1cccc(C(Cl)(Cl)Cl)n1,0.0
Drug 2750,O=C([O-])c1[nH]n(-c2ccc(S(=O)(=O)[O-])cc2)c(=O)c1/N=N/c1ccc(S(=O)(=O)[O-])cc1.[Na+].[Na+].[Na+],0.0
Drug 2755,O=S(=O)([O-])c1cc(S(=O)(=O)[O-])c2c(/N=N/c3ccccc3)c(O)ccc2c1.[Na+].[Na+],0.0
Drug 2764,CNCc1ccc(NC(=O)c2c[nH]c3c2C(=O)CCC3)cc1,0.0
Drug 2784,Cc1oc(-c2ccccc2)nc1CCOc1ccc(C[C@H](Nc2ccccc2C(=O)c2ccccc2)C(=O)O)cc1,1.0
Drug 2785,COCc1nnc(-c2ccc[n+]([O-])c2)n1-c1c(Cl)c(Cl)cc2[nH]c(=O)c(=O)[nH]c12,0.0
Drug 2794,CCCCc1oc2ccccc2c1C(=O)c1cc(I)c(OCCN(CC)CC)c(I)c1.Cl,1.0
Drug 2795,CCCCCCCCCC=CCC1CC(=O)OC1=O,0.0
Drug 2806,CCCCCCCc1ccc(O)cc1,1.0
Drug 2809,COc1cc(OC)nc(NC(=O)[N-]S(=O)(=O)c2ncccc2OCC(F)(F)F)n1.[Na+],0.0
Drug 2810,CCc1nn(C2CCCCC2)c2cc([C@]3(C#N)CC[C@@H](C(=O)O)CC3)ccc12,0.0
Drug 2813,CCC(C)(C)C1CCC(OC)CC1,0.0
Drug 2821,CCSC(=O)N(CC(C)C)CC(C)C,0.0
Drug 2823,Cc1cc2c(cc1C(F)(F)F)N(C(=O)Nc1ccc(Oc3cccnc3C)nc1)CC2.Cl,1.0
Drug 2830,CCCCCCCCCCN,1.0
Drug 2843,COc1ccc(N)cc1.Cl,1.0
Drug 2845,CCO[Si](C)(OCC)OCC,0.0
Drug 2846,COc1cc(-c2ccc(N)c(OC)c2)ccc1N.Cl.Cl,0.0
Drug 2855,CN(C[C@@H](CC[N+]12CCC(C3CCCCC3)(CC1)CC2)c1ccc(Cl)c(Cl)c1)C(=O)c1cc(C(F)(F)F)cc(C(F)(F)F)c1.CS(=O)(=O)[O-],1.0
Drug 2881,CN(C)[C@@H]1C(O)=C(C(N)=O)C(=O)[C@@]2(O)C(O)=C3C(=O)c4c(O)cccc4[C@@](C)(O)[C@H]3[C@H](O)[C@@H]12.Cl,0.0
Drug 2883,O=C(O)C(F)(F)C(F)(F)C(F)(F)C(F)(F)C(F)(F)C(F)(F)C(F)(F)C(F)(F)C(F)(F)C(F)(F)F,0.0
Drug 2886,c1ccc2c(c1)-c1cccc3c1c-2cc1ccccc13,0.0
Drug 2892,c1ccc2c(c1)-c1cccc3cccc-2c13,0.0
Drug 2907,CCC(C)(CCCC(C)C)OC(C)=O,0.0
Drug 2909,CC(C)c1cccc(C(C)C)c1O,0.0
Drug 2916,C1=Cc2cccc3cccc1c23,0.0
Drug 2928,Cc1c(C(=O)c2cnn(C)c2O)ccc(S(C)(=O)=O)c1C1=NOCC1,0.0
Drug 2931,CC(C)(O)c1coc(S(=O)(=O)NC(=O)Nc2c3c(cc4c2CCC4)CCC3)c1,0.0
Drug 2932,CSc1nnc(C(C)(C)C)c(=O)n1N,0.0
Drug 2933,CN/C(=N\[N+](=O)[O-])NCc1cnc(Cl)s1,0.0
Drug 2934,c1ccc(CCCc2ccccn2)cc1,0.0
Drug 2938,CC(=O)c1cc2c(cc1C)C(C)(C)C(C)CC2(C)C,1.0
Drug 2945,CCOC(=O)Cc1cccc2ccccc12,1.0
Drug 2949,CCCCC(CC)COC(=O)c1ccc(N(C)C)cc1,1.0
Drug 2966,CC(C)(O)c1ccc(CNC(=O)c2cccnc2Oc2ccc(F)cc2)cc1,0.0
Drug 2970,CCCOc1ccc(S(=O)(=O)N2CCN(CC)CC2)cc1-c1nc2c(CC)n(Cc3ccccn3)nc2c(=O)[nH]1,0.0
Drug 2972,C=C(C)C(=O)O[Sn](CCCC)(CCCC)CCCC,1.0
Drug 2986,CN(C)C(=O)Nc1cccc(C(F)(F)F)c1,0.0
Drug 2988,CCCCC/C=C\CCC=O,0.0
Drug 2995,CCNc1nc(Cl)nc(NC(C)(C)C#N)n1,0.0
Drug 3017,OCC(CO)n1cnc(-c2ccc(F)cc2)c1-c1ccnc(Oc2ccccc2)n1,0.0
Drug 3032,CCOc1ccc2[nH]cc(C(=O)NCc3ccccc3)c(=O)c2n1,0.0
Drug 3041,CCc1cc(C2=C(C(=O)[O-])N(c3ccccc3C(F)(F)F)S(=O)(=O)c3ccccc32)cc2c1OCO2.[K+],1.0
Drug 3054,CCOP(=O)(NC(C)C)Oc1ccc(SC)c(C)c1,0.0
Drug 3060,CC(C)C[C@H]1C(=O)N2CCC[C@H]2[C@]2(O)O[C@](NC(=O)[C@@H]3C=C4c5cccc6[nH]c(Br)c(c56)C[C@H]4N(C)C3)(C(C)C)C(=O)N12.CS(=O)(=O)O,1.0
Drug 3081,Nc1cccc2c(N)cccc12,0.0
Drug 3084,O=c1nc([O-])n(Cl)c(=O)n1Cl.[K+],0.0
Drug 3108,CNC(=O)Oc1cccc2c1OC(C)(C)O2,0.0
Drug 3109,COC(=O)[C@H](Cc1ccccc1)NC(=O)[C@@H](N)CC(=O)O,0.0
Drug 3121,C#CCC1=C(C)C(OC(=O)C2C(C=C(C)C)C2(C)C)CC1=O,1.0
Drug 3123,CC(C)N(C(=O)SCC(Cl)=C(Cl)Cl)C(C)C,1.0
Drug 3128,CC(C)=CCC[C@](C)(O)[C@@H]1CC=C(C)CC1,1.0
Drug 3130,CCOP(=S)(OCC)SCn1c(=O)oc2cc(Cl)ccc21,0.0
Drug 3131,Cc1nc(N(C)C)nc(OC(=O)N(C)C)c1C,0.0
Drug 3137,CNC(=O)ON=C(SC)C(=O)N(C)C,1.0
Drug 3142,CCCCOCN(C(=O)CCl)c1c(CC)cccc1CC,1.0
Drug 3154,O=C(CC(C(=O)OC1CCCCC1)S(=O)(=O)[O-])OC1CCCCC1.[Na+],0.0
Drug 3156,CNC(=O)Oc1cccc(N=CN(C)C)c1.Cl,1.0
Drug 3164,CCN(Cc1cccc(S(=O)(=O)[O-])c1)c1ccc(C(=C2C=CC(=[N+](CC)Cc3cccc(S(=O)(=O)[O-])c3)C=C2)c2ccc(O)cc2S(=O)(=O)[O-])cc1.[Na+].[Na+],0.0
Drug 3166,COC(=O)NC(=S)Nc1ccccc1NC(=S)NC(=O)OC,1.0
Drug 3167,CCOC(=O)NC(=S)Nc1ccccc1NC(=S)NC(=O)OCC,0.0
Drug 3187,CCO[Si](CCCNC(N)=O)(OCC)OCC,0.0
Drug 3194,ClC1(Cl)C2(Cl)C3(Cl)C4(Cl)C(Cl)(Cl)C5(Cl)C3(Cl)C1(Cl)C5(Cl)C24Cl,0.0
Drug 3196,O=C(OCC1CCC2OC2C1)C1CCC2OC2C1,0.0
Drug 3198,CCNc1ccc(C(=C2C=CC(=[N+](CC)CC)C=C2)c2ccc(N(CC)CC)cc2)c2ccccc12.[Cl-],1.0
Drug 3207,C#CC(C)(C)NC(=O)c1cc(Cl)cc(Cl)c1,0.0
Drug 3221,Cc1ccc(O)c(C(C)(C)C)c1,1.0
Drug 3223,CC(C)c1ccc2cc(C(C)C)ccc2c1,0.0
Drug 3226,Clc1ccc(COC(Cn2ccnc2)c2ccc(Cl)cc2Cl)cc1.O=[N+]([O-])O,1.0
Drug 3227,Cc1ccc(C)c(O)c1C,0.0
Drug 3235,O=C1C2CC=CCC2C(=O)N1SC(Cl)(Cl)C(Cl)Cl,1.0
Drug 3237,CCCCCCCCC(CO)CCCCCC,1.0
Drug 3247,C[N+]1(C)CCCCC1.[Cl-],0.0
Drug 3251,OC1CCC(C2CCCCC2)CC1,1.0
Drug 3269,Cc1ccc(O)c(-n2nc3ccccc3n2)c1,0.0
Drug 3280,CCC(C)COC(=O)CC(C)C,0.0
Drug 3287,O=c1n(CC2CO2)c(=O)n(CC2CO2)c(=O)n1CC1CO1,1.0
Drug 3290,CCc1cccc(C)c1N,0.0
Drug 3292,CCCCC(CC)C(=O)[O-].CCCCC(CC)C(=O)[O-].[Ba+2],0.0
Drug 3306,CN(C)c1ccc(C(=N)c2ccc(N(C)C)cc2)cc1.Cl,1.0
Drug 3308,Oc1ccccc1Cc1ccccc1O,0.0
Drug 3322,CCCCCC1C(=O)CCC1CC(=O)OC,0.0
Drug 3326,O=C(CBr)c1ccc(O)cc1,0.0
Drug 3341,CC(C)N1C(=O)c2ccccc2NS1(=O)=O,0.0
Drug 3363,O=C(O)c1ccccc1C(=O)OCc1ccccc1,0.0
Drug 3373,O=c1[nH]c2ccc(S(=O)CCN3CCC(Cc4ccc(F)cc4)CC3)cc2o1,1.0
Drug 3385,C1CCC(SSC2CCCCC2)CC1,1.0
Drug 3388,C=C[Si]1(C)O[Si](C)(C=C)O[Si](C)(C=C)O[Si](C)(C=C)O1,1.0
Drug 3391,CCCOC(=O)NCCCN(C)C.Cl,0.0
Drug 3397,Cc1ccc(C)c(OCCCC(C)(C)C(=O)O)c1,0.0
Drug 3415,CC(C)=CC1C(C(=O)OCc2cccc(Oc3ccccc3)c2)C1(C)C,1.0
Drug 3417,CCCCC(CC)COC(=O)c1c(Br)c(Br)c(Br)c(Br)c1C(=O)OCC(CC)CCCC,0.0
Drug 3436,Cn1sc(Cl)cc1=O,1.0
Drug 3437,CC[C@@H]1C[C@H](N(Cc2cc(C(F)(F)F)cc(C(F)(F)F)c2)C(C)=O)c2cc(C(F)(F)F)ccc2N1C(=O)OC(C)C,1.0
Drug 3442,CCOC1Oc2ccc(OS(C)(=O)=O)cc2C1(C)C,0.0
Drug 3458,O=c1[nH]sc2ccccc12,1.0
Drug 3459,CCN(C(=O)c1cc(C)cc(OC[C@H](C)Nc2ccncc2)c1)C(C)C.Cc1ccc(S(=O)(=O)O)cc1,0.0
Drug 3468,CCCCCCCCn1sccc1=O,1.0
Drug 3479,O=CNC(N1CCN(C(NC=O)C(Cl)(Cl)Cl)CC1)C(Cl)(Cl)Cl,0.0
Drug 3487,COc1cc(Cl)c(OC)cc1Cl,0.0
Drug 3498,Cc1cccc(N)c1N,1.0
Drug 3500,CCCCCCCCN1CCCC1=O,0.0
Drug 3501,CCCCCCCCCCCCN1CCCC1=O,1.0
Drug 3507,CCCc1ccc(N)cc1,0.0
Drug 3514,CCCCN(CCCC)CCCCCCN(CCCC)CCCC,0.0
Drug 3515,CC(COCC(C)OC(=O)c1ccccc1)OC(=O)c1ccccc1,0.0
Drug 3521,CNc1cnn(-c2cccc(C(F)(F)F)c2)c(=O)c1Cl,0.0
Drug 3522,O=S(=O)([O-])c1ccccc1C=Cc1ccc(-c2ccc(C=Cc3ccccc3S(=O)(=O)[O-])cc2)cc1.[Na+].[Na+],0.0
Drug 3535,CCC(=O)O[C@@H]1C[C@H]2CC[C@]1(C)C2(C)C,0.0
Drug 3548,CC(C)(c1ccccc1)c1ccc(O)c(C(C)(C)c2ccccc2)c1,1.0
Drug 3554,O=c1[nH]c(=O)n(Cl)c(=O)n1Cl,0.0
Drug 3556,O=S(=O)([O-])c1ccc(/N=N/c2c(O)ccc3cc(S(=O)(=O)[O-])ccc23)cc1.[Na+].[Na+],0.0
Drug 3564,O=S(=O)([O-])C(F)(F)C(F)(F)C(F)(F)C(F)(F)C(F)(F)C(F)(F)C(F)(F)C(F)(F)F.[K+],0.0
Drug 3576,CSc1nc(NC2CC2)nc(NC(C)(C)C)n1,0.0
Drug 3578,CCN(CC)C(=O)SCc1ccc(Cl)cc1,1.0
Drug 3587,Cc1cc(C)c(C2=C(OC(=O)CC(C)(C)C)C3(CCCC3)OC2=O)c(C)c1,0.0
Drug 3588,Cc1ccc(N)cc1O,0.0
Drug 3608,CCOc1ccc(N=Nc2ccc(C=Cc3ccc(N=Nc4ccc(OCC)cc4)cc3S(=O)(=O)[O-])c(S(=O)(=O)[O-])c2)cc1.[Na+].[Na+],0.0
Drug 3619,CCc1c(C(=O)NN2CCCCC2)nn(-c2ccc(Cl)cc2Cl)c1-c1ccc(Br)cc1,1.0
Drug 3621,c1c[nH]cn1,0.0
Drug 3624,c1nc[nH]n1,0.0
Drug 3631,CNCc1cc(F)ccc1Oc1ccc(Cl)c(Cl)c1,1.0
Drug 3645,CCCN(CCC)c1c([N+](=O)[O-])cc(C(F)(F)F)c(N)c1[N+](=O)[O-],0.0
Drug 3647,CC(C)NCC(O)COc1ccc(CC(N)=O)cc1,0.0
Drug 3648,CN[C@H]1CC[C@@H](c2ccc(Cl)c(Cl)c2)c2ccc(S(N)(=O)=O)cc21,1.0
Drug 3649,CCCCOC(=O)CCCCCCCC(=O)OCCCC,0.0
Drug 3650,C=C1C[C@H]2[C@@H]3C=C(C)C4=CC(=O)CC[C@]4(C)[C@H]3CC[C@]2(C)[C@@]1(OC(C)=O)C(C)=O,0.0
Drug 3654,CCOP(=S)(OCC)Oc1nc(Cl)c(Cl)cc1Cl,1.0
Drug 3656,CCN(CC)c1nc(C)cc(OP(=S)(OC)OC)n1,1.0
Drug 3658,CC(C)c1ccc(O)c(C(C)C)c1,1.0
Drug 3663,O=S(=O)([O-])C(F)(F)C(F)(F)C(F)(F)C(F)(F)F.[K+],0.0
Drug 3664,CCCCCCCC[Si](OCC)(OCC)OCC,0.0
Drug 3680,Oc1ccc(C(c2ccc(O)cc2)C(Cl)(Cl)Cl)cc1,1.0
Drug 3686,COP(=S)(OC)Oc1ccc([N+](=O)[O-])cc1,0.0
Drug 3688,CCOP(=S)(OCC)SCCSCC,0.0
Drug 3691,O=C(Oc1ccc(Br)cc1)N1CCN2CCC1CC2,0.0
Drug 3693,NC(=O)N1c2ccccc2C=Cc2ccccc21,0.0
Drug 3737,CCCCC/C=C\C=C\C(=O)OCC,1.0
Drug 3751,C[N+](C)(C)CC1CO1.[Cl-],0.0
Drug 3774,COP(=O)(NC(C)=O)SC,0.0
Drug 3775,Cc1cn([C@H]2C=C[C@@H](CO)O2)c(=O)[nH]c1=O,0.0
Drug 3792,O=C(O)C(F)(F)C(F)(F)C(F)(F)C(F)(F)C(F)(F)F,0.0
Drug 3801,ClC1=C(Cl)[C@]2(Cl)[C@H]3[C@H]([C@@H]4C=C[C@H]3C4)[C@@]1(Cl)C2(Cl)Cl,1.0
Drug 3814,CCOP(=O)(OCC)Oc1ccc([N+](=O)[O-])cc1,0.0
Drug 3820,CCNP(=S)(OC)O/C(C)=C/C(=O)OC(C)C,0.0
Drug 3833,CCn1nc(Cc2ccccc2)cc1C1CCN(C[C@H]2C[C@H](N(C)[C@@H](C(=O)O)C(C)C)C[C@@H]2c2cccc(F)c2)CC1,1.0
Drug 3838,CCC(C)n1c(=O)[nH]c(C)c(Br)c1=O,0.0
Drug 3845,O=C(O)c1cc(O)c2ccccc2c1O,1.0
Drug 3853,CCCCC(CC)C(=O)[O-].[K+],0.0
Drug 3923,CC12CC1(C)C(=O)N(c1cc(Cl)cc(Cl)c1)C2=O,0.0
Drug 3928,CCN(CC)C(=O)c1cc(S(=O)(=O)Cc2ccccc2)c(N2CCC(c3ccccc3)CC2)cc1N(CC)CCN(C)C,1.0
Drug 3932,FC(F)(F)c1ccc(Cl)c(Cl)c1,0.0
Drug 3938,OCC(CO)(CBr)CBr,0.0
Drug 3946,CN(C)C(=O)Nc1ccc(Cl)c(Cl)c1,0.0
Drug 3947,CON(C)C(=O)Nc1ccc(Cl)c(Cl)c1,0.0
Drug 3950,Cc1ccc(/N=C/N(C)/C=N/c2ccc(C)cc2C)c(C)c1,1.0
Drug 3963,CCCCCc1ccc(N)cc1,1.0
Drug 3964,CCCCCCc1ccc(N)cc1,1.0
Drug 3975,CCOP(=S)(OCC)Oc1cc(C)nc(C(C)C)n1,1.0
Drug 3985,CCCCCCCCCC(=O)O,0.0
Drug 3994,O=C(O)C(F)(F)C(F)(F)C(F)(F)C(F)(F)C(F)(F)C(F)(F)C(F)(F)F,0.0
Drug 3995,O=C(O)C(F)(F)C(F)(F)C(F)(F)C(F)(F)C(F)(F)C(F)(F)C(F)(F)C(F)(F)C(F)(F)F,1.0
Drug 3996,CCC(C)Nc1c([N+](=O)[O-])cc(C(C)(C)C)cc1[N+](=O)[O-],1.0
Drug 4010,Oc1cc(Cl)ccc1Oc1ccc(Cl)cc1Cl,1.0
Drug 4014,COP(=S)(OC)Oc1ccc(Sc2ccc(OP(=S)(OC)OC)cc2)cc1,1.0
Drug 4021,C=CC(O)CCCCC,0.0
Drug 4024,C/C=C/C=C/CCCCCCCO,1.0
Drug 4029,CNC(=O)N(C)c1nnc(C(C)(C)C)s1,0.0
Drug 4046,CCOCN(C(=O)CCl)c1c(C)cccc1CC,1.0
Drug 4059,CCCCOC(=O)[C@H](C)O,0.0
Drug 4064,COc1cc(C(C)C)c2c(c1)S(=O)(=O)N(COc1cc(=O)n3cccc(OCCN4CCCCC4)c3n1)C2=O,1.0
Drug 4066,CC(CCO)CC(C)(C)C,0.0
Drug 4103,CC(C)N(Cc1ccccc1)C(=O)C(C)(C)C,0.0
Drug 4107,CCCSP(=S)(OCC)Oc1ccc(SC)cc1,0.0
Drug 4114,CCCCCCCCSCCO,1.0
Drug 4119,COP(=O)(OC)SCn1c(=O)oc2cc(Cl)cnc21,1.0
Drug 4165,CO/N=C(/C1=NOCCO1)c1ccccc1Oc1ncnc(Oc2ccccc2Cl)c1F,1.0
Drug 4173,CCCCNS(=O)(=O)c1ccccc1,0.0
Drug 4204,CCCCCCCCCCCCCCCCO,0.0
Drug 4211,CC(C)NC(=O)N1CC(=O)N(c2cc(Cl)cc(Cl)c2)C1=O,0.0
Drug 4215,CC/C=C\CCOC(C)=O,0.0
Drug 4220,CC[C@H]1CC[C@H](NCc2cc3c(cc2OC)[C@H]2C[C@H]2C(=O)N3C)[C@H](c2ccccc2)N1,1.0
Drug 4223,O=C1c2ccccc2C(=O)C1C(=O)C(c1ccccc1)c1ccc(Cl)cc1,1.0
Drug 4251,CC[N+](CC)(CC(=O)Nc1c(C)cccc1C)Cc1ccccc1.O=C([O-])c1ccccc1,0.0
Drug 4252,CC(=O)Nc1cc(S(=O)(=O)[O-])cc2cc(S(=O)(=O)[O-])c(N=Nc3ccccc3)c(O)c12.[Na+].[Na+],0.0
Drug 4260,O=C(O)c1cccc(Oc2ccccc2)c1,0.0
Drug 4274,O=C(O)C(F)(F)C(F)(F)C(F)(F)C(F)(F)C(F)(F)C(F)(F)F,0.0
Drug 4275,O=C(O)C(F)(F)C(F)(F)C(F)(F)C(F)(F)C(F)(F)C(F)(F)C(F)(F)C(F)(F)F,0.0
Drug 4289,C=CCN(CC=C)C(=O)C(Cl)Cl,0.0
Drug 4311,[K+].[O-][Cl+2]([O-])[O-],0.0
Drug 4312,[Na+].[O-][n+]1ccccc1[S-],1.0
Drug 4320,O=C([O-])C(F)(F)C(F)(F)C(F)(F)C(F)(F)C(F)(F)C(F)(F)C(F)(F)F.[NH4+],0.0
Drug 4333,CN(C)CCCN(C)CCCN(C)C,0.0
Drug 4343,O=S(=O)([O-])C(F)(F)C(F)(F)C(F)(F)C(F)(F)C(F)(F)C(F)(F)F.[K+],0.0
Drug 4362,CCCCCCC(CO)CCCC,1.0
Drug 4368,O=C(NCNC(=O)NC1C(=O)NC(=O)N1CO)NC1C(=O)NC(=O)N1CO,1.0
Drug 4371,O=C([O-])CCl.[Na+],0.0
Drug 4401,CCCCCCOc1ccc(N)cc1,1.0
Drug 4415,CSc1ccc(Oc2ccc(S(N)(=O)=O)cc2CN(C)C)cc1C,1.0
Drug 4431,CCCC1CCC(=O)CC1,0.0
Drug 4432,COc1cc(O)c(C(=O)c2ccccc2)cc1S(=O)(=O)O,0.0
Drug 4447,CC1(C)CC(N=C=O)CC(C)(CN=C=O)C1,0.0
Drug 4452,CCCSP(=O)(OCC)Oc1ccc(Br)cc1Cl,1.0
Drug 4466,C[C@](N)(Cc1ccc(O)c(O)c1)C(=O)O.C[C@](N)(Cc1ccc(O)c(O)c1)C(=O)O.O.O.O,1.0
Drug 4467,CN1CCc2cccc3c2[C@H]1Cc1ccc(O)c(O)c1-3.CN1CCc2cccc3c2[C@H]1Cc1ccc(O)c(O)c1-3.Cl.Cl.O,1.0
Drug 4472,C=CCc1cc(S(=O)(=O)c2ccc(O)c(CC=C)c2)ccc1O,1.0
Drug 4487,C/C=C/c1ccc(OC)cc1,0.0
Drug 4494,N#CN,0.0
Drug 4514,CCOP(=S)(OCC)Oc1nc(Cl)n(C(C)C)n1,0.0
Drug 4528,CC(=O)O[C@]1(C(C)=O)CC[C@H]2[C@@H]3C=C(Cl)C4=CC(=O)[C@@H]5C[C@@H]5[C@]4(C)[C@H]3CC[C@@]21C,0.0
Drug 4545,CC(C)(C)C(=O)C(Oc1ccc(Cl)cc1)n1cncn1,0.0
Drug 4562,CCCCOc1ccc(N)cc1,0.0
Drug 4567,COC(=O)c1ccccc1C(=O)O,0.0
Drug 4568,CCCCC(CC)COC(=O)c1ccccc1C(=O)O,0.0
Drug 4577,COc1ccc(S(=O)(=O)N2C(=O)[C@@](c3ccccc3OC)(N3C[C@H](O)C[C@H]3C(=O)N(C)C)c3cc(Cl)ccc32)c(OC)c1,1.0
Drug 4589,CCC1COC(=O)O1,0.0
Drug 4593,CCc1cc(SCc2sc(-c3ccc(C(F)(F)F)cc3)nc2CN2CCN(c3ccc(OC)cc3)CC2)ccc1OCC(=O)O,1.0
Drug 4595,CC1=C2C[C@H]3[C@@H](CC=C4C[C@@H](O)CC[C@@]43C)[C@@H]2CC[C@]12O[C@@H]1C[C@H](C)CN[C@H]1[C@H]2C,0.0
Drug 4598,CCCCCCCCN(C)CCCCCCCC,0.0
Drug 4602,O=c1c(-c2ccc(O)cc2)coc2cc(O)cc(O)c12,1.0
Drug 4603,CCCC(CC)c1ccccc1,0.0
Drug 4604,Cn1cnc([N+](=O)[O-])c1Sc1ncnc2nc[nH]c12,1.0
Drug 4610,O=C(Cc1ccccc1)c1ccccc1,0.0
Drug 4618,Cc1cc(C)c(S(=O)(=O)[O-])cc1N=Nc1cc(S(=O)(=O)[O-])c2ccccc2c1O.[Na+].[Na+],0.0
Drug 4620,CC(C#N)CCC#N,0.0
Drug 4625,CCCCCCCCCCCCCC[N+](C)(C)C.[Cl-],1.0
Drug 4634,Fc1ccc(Br)cc1,0.0
Drug 4637,CC(C)=CCCC(C)=CCCC(C)=CCO,1.0
Drug 4681,CC12CCC(CC1)C(C)(C)O2,0.0
Drug 4691,CC(=O)S[C@H](C(=O)N[C@H]1Cc2ccccc2[C@H]2CCC[C@@H](C(=O)O)N2C1=O)C(C)C,0.0
Drug 4697,C[C@]12CC[C@H]3C(=CCc4cc(O)ccc43)[C@@H]1CCC2=O,0.0
Drug 4713,CC[C@H](NC(=O)c1cc(F)ccc1[N-]S(=O)(=O)c1cccc2cccnc12)c1ccccc1.[Na+],0.0
Drug 4726,Cc1cc(C)c(C(=O)O)c(C)c1,0.0
Drug 4744,Oc1cc2ccccc2c2ccccc12,1.0
Drug 4760,O=c1c(-c2ccc(O)cc2)coc2cc(O)ccc12,0.0
Drug 4763,COc1cc(OC)c2ccc(=O)oc2c1,0.0
Drug 4777,C1=CCCC=CCCC=CCC1,0.0
Drug 4783,COc1ccc(-c2coc3cc(O)cc(O)c3c2=O)cc1,0.0
Drug 4786,CN(C)c1ccc(/N=N/c2ccccc2C(=O)O)cc1,1.0
Drug 4797,CC(C)OC(=O)C(C)(C)Oc1ccc(C(=O)c2ccc(Cl)cc2)cc1,0.0
Drug 4805,O=C1NC2NC(=O)NC2N1,0.0
Drug 4808,Cc1ccc(N)c(N)c1,1.0
Drug 4825,O=C(O)c1cccc(C(=O)O)n1,0.0
Drug 4830,CC(Cc1ccc(O)c(O)c1)C(C)Cc1ccc(O)c(O)c1,1.0
Drug 4840,Cc1oc(-c2ccccc2)nc1CCOc1cccc2c1ccn2CCC(=O)O,0.0
Drug 4848,CC(O)C(=O)O,0.0
Drug 4849,C[C@]12C[C@H](O)[C@H]3[C@@H](CCC4=CC(=O)CC[C@@]43C)[C@@H]1CC[C@@H]2C(=O)CO,0.0
Drug 4861,C[C@]12CC[C@@H]3c4ccc(O)cc4CC[C@H]3[C@@H]1C[C@@H](O)[C@@H]2O,0.0
Drug 4872,O=C1CCC(N2C(=O)c3ccccc3C2=O)C(=O)N1,0.0
Drug 4909,COC(=O)[C@H]1[C@H]2C[C@@H]3c4[nH]c5cc(OC)ccc5c4CCN3C[C@H]2C[C@@H](OC(=O)c2cc(OC)c(OC)c(OC)c2)[C@@H]1OC,1.0
Drug 4925,OC[C@H](O)[C@@H](O)[C@H](O)[C@H](O)CO,0.0
Drug 4929,CC(=O)Oc1ccccc1C(=O)O,0.0
Drug 4933,O=C1O[C@H]([C@@H](O)CO)C(O)=C1O,0.0
Drug 4939,Cc1cccc(Nc2cc(Cl)nc(SCC(=O)O)n2)c1C,0.0
Drug 4955,CCOC(=O)C(O)(c1ccc(Cl)cc1)c1ccc(Cl)cc1,1.0
Drug 4960,CCCCOCCOCCOCc1cc2c(cc1CCC)OCO2,0.0
Drug 4965,CCN(CC)CCOC(=O)c1ccc(N)cc1.Cl,0.0
Drug 4977,O=c1[nH]cc(F)c(=O)[nH]1,1.0
Drug 4978,CCc1cccc(C)c1N(C(=O)CCl)C(C)COC,0.0
Drug 4979,Cl/C=C\C[N+]12CN3CN(CN(C3)C1)C2.[Cl-],1.0
Drug 4980,CN(C)c1nc(=O)n(C2CCCCC2)c(=O)n1C,0.0
Drug 4982,COS(=O)(=O)[O-].[Na+],0.0
Drug 4984,COP(=O)(OC)OC,0.0
Drug 4986,O=[N+]([O-])c1ccc(O)c([N+](=O)[O-])c1,0.0
Drug 4987,CC(C)NCC(O)c1ccc(O)c(O)c1.Cl,0.0
Drug 4994,COC(=O)C(C)Oc1ccc(Oc2ccc(Cl)cc2Cl)cc1,0.0
Drug 4997,CCCCCCCC[N+](C)(CCCCCCCC)CCCCCCCC.[Cl-],1.0
Drug 4998,O=C(O)CC(C(=O)O)S(=O)(=O)O,0.0
Drug 5013,CC(C)=CCCC(C)=CC#N,0.0
Drug 5022,CCCCC(CC)COC(=O)c1ccc(O)cc1,1.0
Drug 5034,O.O.O=c1nc([O-])n(Cl)c(=O)n1Cl.[Na+],0.0
Drug 5038,BrCc1cccc(Oc2ccccc2)c1,0.0
Drug 5046,O=C(Nc1ccccc1)Nc1cnns1,1.0
Drug 5054,CCOC(N)=O,0.0
Drug 5069,CC(=O)S[C@@H]1CC2=CC(=O)CC[C@]2(C)[C@H]2CC[C@@]3(C)[C@@H](CC[C@@]34CCC(=O)O4)[C@@H]21,0.0
Drug 5070,O=c1c(O)c(-c2ccc(O)cc2)oc2cc(O)cc(O)c12,0.0
Drug 5073,O=c1cc(-c2ccc(O)cc2)oc2cc(O)cc(O)c12,0.0
Drug 5074,CC(=O)C1C(=O)C=C(C)OC1=O,0.0
Drug 5083,C[C@]12CC[C@H]3[C@@H](CC[C@H]4CC(=O)CC[C@@]43C)[C@@H]1CC[C@@H]2O,0.0
Drug 5088,Clc1ccc(C(Cl)(Cl)Cl)cc1,0.0
Drug 5108,CC1=C(C(=O)Nc2ccccc2)SCCO1,0.0
Drug 5116,O=[N+]([O-])C(Br)(CO)CO,1.0
Drug 5123,c1coc(CNc2[nH]cnc3ncnc2-3)c1,0.0
Drug 5124,O=c1cc(-c2ccccc2)oc2ccccc12,0.0
Drug 5130,CC1(C)C(C=C(Cl)Cl)C1C(=O)OCc1cccc(Oc2ccccc2)c1,0.0
Drug 5135,COP(=O)(OC)C(O)C(Cl)(Cl)Cl,1.0
Drug 5143,Cc1cc(C)c(O)c(C)c1,0.0
Drug 5154,O=C(CCCN1CCC(O)(c2ccc(Cl)cc2)CC1)c1ccc(F)cc1,0.0
Drug 5158,CC1(C)[C@@H](C=C(Br)Br)[C@H]1C(=O)O[C@H](C#N)c1cccc(Oc2ccccc2)c1,1.0
Drug 5166,C[C@]12CC(=O)[C@H]3[C@@H](CCC4=CC(=O)C=C[C@@]43C)[C@@H]1CC[C@]2(O)C(=O)CO,0.0
Drug 5171,Cc1cc(C)nc(Nc2ccccc2)n1,0.0
Drug 5174,Oc1ccc2ccc3cccc4ccc1c2c34,1.0
Drug 5183,Clc1ccc(C(c2ccccc2Cl)C(Cl)Cl)cc1,1.0
Drug 5184,O=S(=O)([O-])c1ccc2ccccc2c1.[Na+],0.0
Drug 5190,O=C(CCl)c1ccccc1,1.0
Drug 5192,O=C([O-])c1ccccc1.[Na+],0.0
Drug 5201,NS(=O)(=O)O,0.0
Drug 5204,CCOC(=O)COc1ccc(Cl)cc1Cl,0.0
Drug 5208,CCCCCCCCCCC(CO)CCCCCCCC,0.0
Drug 5213,CN1CSC(=S)N(C)C1,1.0
Drug 5216,CNC(=S)NC,0.0
Drug 5220,C[C@]12CC[C@H]3[C@@H](CC=C4C[C@@H](O)CC[C@@]43C)[C@@H]1CCC2=O,0.0
Drug 5222,Cc1cc([N+](=O)[O-])cc([N+](=O)[O-])c1O,0.0
Drug 5227,CCC(C)(C)C1CCC(O)CC1,0.0
Drug 5244,c1ccc2c(c1)ccc1cc3c(ccc4ccccc43)cc12,0.0
Drug 5263,COc1ccc2c(c1)c(CC(=O)O)c(C)n2C(=O)c1ccc(Cl)cc1,0.0
Drug 5274,CC(C)=CCCC(C)=CC=O,0.0
Drug 5275,CCCC/C=C\CCCCCCCCCC=O,1.0
Drug 5276,CCC1(C)NC(=O)NC1=O,0.0
Drug 5282,CCCCCOC(=O)CCC,0.0
Drug 5296,O=C(c1ccccc1)C1CCC1,0.0
Drug 5298,CC(=O)OC(C)(C)C,0.0
Drug 5301,CN1CCC[C@H]1c1cccnc1,0.0
Drug 5333,C1=CCC=C1,0.0
Drug 5345,O=C(CBr)OCc1ccccc1,0.0
Drug 5370,CCOP(=S)(OCC)OC(Cl)C(Cl)(Cl)Cl,1.0
Drug 5374,Nc1nc(N)c2nc(CNc3ccc(C(=O)N[C@@H](CCC(=O)O)C(=O)O)cc3)cnc2n1,1.0
Drug 5397,NNC(=O)c1ccncc1,0.0
Drug 5415,CC/C(=C(\c1ccccc1)c1ccc(OCCN(C)C)cc1)c1ccccc1.O=C(O)CC(O)(CC(=O)O)C(=O)O,1.0
Drug 5421,CN1C(=O)c2ccccc2C1=O,0.0
Drug 5448,CC(C)(C)C(O)C(Oc1ccc(Cl)cc1)n1cncn1,0.0
Drug 5452,O=C(O)c1ccc2c(c1)C(=O)OC2=O,0.0
Drug 5461,CC1=C(C)S(=O)(=O)CCS1(=O)=O,1.0
Drug 5466,c1cc(-c2ccncc2)ccn1,0.0
Drug 5467,O=C(O)COc1nc(Cl)c(Cl)cc1Cl,0.0
Drug 5473,O=C([O-])c1ccccc1.O=C([O-])c1ccccc1.[Mg+2],0.0
Drug 5474,COP(=S)(OC)Oc1ccc(SC)c(C)c1,1.0
Drug 5477,CCCCNC(=O)OCC#CI,1.0
Drug 5497,CC1=CC(=O)[N-]S(=O)(=O)O1.[K+],0.0
Drug 5502,OCC1CO1,0.0
Drug 5503,CN=C=S,0.0
Drug 5504,C[Si]1(C)O[Si](C)(C)O[Si](C)(C)O[Si](C)(C)O1,0.0
Drug 5524,Cc1ccccc1C(=O)Nc1cccc(OC(C)C)c1,0.0
Drug 5537,CCCCOC(CC)OC(C)COC(O)CC,0.0
Drug 5538,CS(=O)(=O)OCCCCOS(C)(=O)=O,0.0
Drug 5540,COP(=S)(OC)Oc1nc(Cl)c(Cl)cc1Cl,1.0
Drug 5546,Cc1cc(=O)[nH]c(=S)[nH]1,0.0
Drug 5572,CCOP(=S)(OCC)SCSP(=S)(OCC)OCC,0.0
Drug 5585,CCCC[N+](C)(CCCC)CCCC.[Cl-],0.0
Drug 5613,CCOP(=S)(OCC)Oc1ccc2c(C)c(Cl)c(=O)oc2c1,0.0
Drug 5629,CC(=O)O.CC(=O)O.N=C(NCCCCCCNC(=N)NC(=N)Nc1ccc(Cl)cc1)NC(=N)Nc1ccc(Cl)cc1,1.0
Drug 5634,I.I.NCCN,0.0
Drug 5637,C=CCN=C=S,0.0
Drug 5639,CCCCCCCCCCCCCCCC[N+](C)(C)C.[Br-],1.0
Drug 5640,CCCCCCCCCCCCCCCC(=O)O,1.0
Drug 5641,CCCCCCCCCCCCCCCCCC(=O)O,0.0
Drug 5645,NC(N)=O,0.0
Drug 5647,CN(C)N,0.0
Drug 5651,Cc1ccc(C)c2ccccc12,0.0
Drug 5675,OC[C@H]1O[C@H](O[C@]2(CO)O[C@H](CO)[C@@H](O)[C@@H]2O)[C@H](O)[C@@H](O)[C@@H]1O,0.0
Drug 5684,Cc1cccc(C)c1O,0.0
Drug 5685,C#C[C@]1(O)CC[C@H]2[C@@H]3CCc4cc(O)ccc4[C@H]3CC[C@@]21C,0.0
Drug 5693,CCCCC(CC)COC(=O)CC(C(=O)OCC(CC)CCCC)S(=O)(=O)[O-].[Na+],0.0
Drug 5694,ClC1=C(Cl)C2(Cl)C3C(Cl)C(Cl)CC3C1(Cl)C2(Cl)Cl,1.0
Drug 5695,NCCO.O=C(O)c1nc(Cl)ccc1Cl,0.0
Drug 5701,CC(=O)[C@H]1CC[C@H]2[C@@H]3CCC4=CC(=O)CC[C@]4(C)[C@H]3CC[C@]12C,0.0
Drug 5704,CCC(=O)O[C@H]1CC[C@H]2[C@@H]3CCC4=CC(=O)CC[C@]4(C)[C@H]3CC[C@]12C,1.0
Drug 5710,C[C@]12CC[C@@H]3c4ccc(O)cc4CC[C@H]3[C@@H]1CC[C@H]2O,0.0
Drug 5717,CCc1cccc(CC)c1N,0.0
Drug 5724,Cn1c(=O)c2c(ncn2C)n(C)c1=O,0.0
Drug 5727,CCc1nc(N)nc(N)c1-c1ccc(Cl)cc1,0.0
Drug 5748,Oc1cc(Cl)ccc1Cl,0.0
Drug 5753,Nn1cnnc1,0.0
Drug 5754,CC(=O)OCCC(C)CC(C)(C)C,0.0
Drug 5758,C=CCC1=C(C)C(OC(=O)C2C(C=C(C)C)C2(C)C)CC1=O,1.0
Drug 5759,Cc1ccc(N=C=O)cc1N=C=O,0.0
Drug 5761,Cc1cc(S(=O)(=O)[O-])ccc1/N=N/c1c(O)ccc2ccccc12.[Na+],0.0
Drug 5762,CC(C)(C)c1cccc(O)c1,0.0
Drug 5767,Cc1ncc(CO)c(CO)c1O.Cl,0.0
Drug 5776,CC1=CCC(=C(C)C)CC1,0.0
Drug 5786,O=C(CCl)Nc1ccccc1,1.0
Drug 5789,c1ccc([Hg]c2ccccc2)cc1,1.0
Drug 5792,CCCCCCCCCCO[C@@H]1O[C@H](CO)[C@@H](O)[C@H](O)[C@H]1O,1.0
Drug 5793,O=C(O)CCCC[C@@H]1SC[C@@H]2NC(=O)N[C@H]12,0.0
Drug 5794,OC1OC[C@@H](O)[C@H](O)[C@H]1O,0.0
Drug 5797,Cl[C@H]1[C@H](Cl)[C@@H](Cl)[C@@H](Cl)[C@H](Cl)[C@H]1Cl,0.0
Drug 5810,CCCCCCCCCCCCCC(=O)OCC(O)CO,1.0
Drug 5814,Cc1[nH]c(=O)n(C(C)(C)C)c(=O)c1Cl,0.0
Drug 5838,CCCCCCCCCCCCN1CCCCCC1=O,1.0
Drug 5849,Nc1nc(=O)c2nc(CNc3ccc(C(=O)N[C@@H](CCC(=O)O)C(=O)O)cc3)cnc2[nH]1,0.0
Drug 5870,Cc1cc(O)ccc1Cl,0.0
Drug 5883,CS/C(C)=N/OC(=O)N(C)SN(C)C(=O)O/N=C(\C)SC,1.0
Drug 5884,O=C(O)c1cccnc1,0.0
Drug 5892,Cn1cc(-c2ccccc2)c(=O)c(-c2cccc(C(F)(F)F)c2)c1,0.0
Drug 5901,COC(N)=O,0.0
Drug 5905,NC(=O)N/N=C/c1ccc([N+](=O)[O-])o1,0.0
Drug 5924,CC(C)(c1ccccc1)c1ccc(O)cc1,1.0
Drug 5927,O=C(O)c1cc(/N=N/c2ccc(S(=O)(=O)Nc3ccccn3)cc2)ccc1O,0.0
Drug 5936,Nc1ccc(/N=N/c2ccccc2)cc1,1.0
Drug 5940,OCCc1ccccc1,0.0
Drug 5948,Cc1cccc([N+](=O)[O-])c1[N+](=O)[O-],0.0
Drug 5950,CCCC1COC(Cn2cncn2)(c2ccc(Cl)cc2Cl)O1,1.0
Drug 5967,c1ccc(P(c2ccccc2)c2ccccc2)cc1,1.0
Drug 5981,CNC(=O)CSP(=S)(OC)OC,0.0
Drug 5984,CC(C)OC(=O)c1ccccc1C(=O)OC(C)C,0.0
Drug 5985,CN(C)[C@@H]1C(O)=C(C(N)=O)C(=O)[C@@]2(O)C(O)=C3C(=O)c4c(O)cccc4[C@@](C)(O)[C@H]3C[C@@H]12,0.0
Drug 5996,Cc1c([N+](=O)[O-])cccc1[N+](=O)[O-],0.0
Drug 6025,Oc1ccc2cc(SSc3ccc4cc(O)ccc4c3)ccc2c1,1.0
Drug 6053,N#Cc1ccccc1O,0.0
Drug 6061,CC(C)C(=O)c1ccccc1,0.0
Drug 6075,Cc1cc(-c2ccc(N)c(C)c2)ccc1N.Cl.Cl,0.0
Drug 6103,O.O.O.O.[Na+].[O-]c1ccccc1-c1ccccc1,0.0
Drug 6106,CN(C)[C@@H]1C(O)=C(C(N)=O)C(=O)[C@@]2(O)C(O)=C3C(=O)c4c(O)cccc4[C@@](C)(O)[C@H]3[C@H](O)[C@@H]12.O.O,0.0
Drug 6121,O=C1CCCN1,0.0
Drug 6142,Nc1nc[nH]n1,0.0
Drug 6144,CC(C)c1cccc(O)c1,0.0
Drug 6148,CC(C)Nc1nc(N)nc(Cl)n1,0.0
Drug 6166,CCc1cccc(O)c1,0.0
Drug 6181,CCCN(CCC)N=O,0.0
Drug 6197,C=Cc1ccc(C)cc1,0.0
Drug 6213,CC(=O)O[Hg]c1ccccc1,1.0
Drug 6231,CC(C)OC=O,0.0
Drug 6237,CCCCCCOc1ccccc1C(=O)O,1.0
Drug 6243,Nc1cc(Cl)cc(Cl)c1,0.0
Drug 6257,COP(=O)(OC)OC=C(Cl)Cl,0.0
Drug 6258,O=C([O-])CF.[Na+],0.0
Drug 6293,CCCCCCCCCCCCCCC,0.0
Drug 6297,CCCCCCCCCCCCCCCO,1.0
Drug 6303,CCCCCC(=O)O[C@]1(C(C)=O)CC[C@H]2[C@@H]3CCC4=CC(=O)CC[C@]4(C)[C@H]3CC[C@@]21C,1.0
Drug 6315,N#CSCSC#N,1.0
Drug 6321,CNC(=O)Oc1cccc2ccccc12,0.0
Drug 6330,O=S(=O)([O-])c1ccc(N=Nc2c(O)ccc3ccccc23)cc1.[Na+],0.0
Drug 6331,OC[C@H]1O[C@@H](O)[C@H](O)[C@@H](O)[C@@H]1O[C@@H]1O[C@H](CO)[C@H](O)[C@H](O)[C@H]1O,0.0
Drug 6332,Oc1ccc2c(c1)-c1ccccc1C2,1.0
Drug 6348,CC1=NN(c2ccc(S(=O)(=O)[O-])cc2)C(=O)C1N=Nc1ccccc1.[Na+],0.0
Drug 6349,CC1=NN(c2cc(S(=O)(=O)[O-])ccc2Cl)C(=O)C1/N=N/c1ccccc1.[Na+],0.0
Drug 6350,CC1=NN(c2cc(Cl)c(S(=O)(=O)[O-])cc2Cl)C(=O)C1/N=N/c1ccc(S(=O)(=O)[O-])cc1.[Na+].[Na+],0.0
Drug 6352,CC1(C)NC(=O)N(c2ccc([N+](=O)[O-])c(C(F)(F)F)c2)C1=O,0.0
Drug 6353,Cc1ccccc1N.Cl,0.0
Drug 6376,O=C1O[C@H]([C@H](O)CO)C([O-])=C1O.[Na+],0.0
Drug 6406,NC(=O)Nc1ccccc1,0.0
Drug 6414,CCCCC(CC)COC(=O)c1ccc(C(=O)OCC(CC)CCCC)cc1,0.0
Drug 6424,O=Cc1ccccc1C=O,0.0
Drug 6434,ClP(Cl)c1ccccc1,0.0
Drug 6445,CCCc1ccc(O)cc1,0.0
Drug 6446,CCCC=C(C=O)CC,0.0
Drug 6447,Cc1ccc(S(=O)(=O)Oc2ccc(N=Nc3ccc(-c4ccc(N=Nc5c(O)ccc6cc(S(=O)(=O)[O-])cc(S(=O)(=O)[O-])c56)c(C)c4)cc3C)cc2)cc1.[Na+].[Na+],0.0
Drug 6456,CCCCOCCOC(=O)COc1nc(Cl)c(Cl)cc1Cl,0.0
Drug 6460,OCCC(F)(F)C(F)(F)C(F)(F)C(F)(F)C(F)(F)C(F)(F)F,0.0
Drug 6466,C=C(C)[C@@H]1CC=C(C)C(=O)C1,0.0
Drug 6468,COc1cc2c(c(OC)c1OC)-c1ccc(OC)c(=O)cc1[C@@H](NC(C)=O)CC2,1.0
Drug 6471,O=C(NC(=O)c1cc(F)c(F)cc1Cl)Nc1cc(F)ccc1N1CCC(C(=O)O)CC1,0.0
Drug 6494,CC(=O)N1CCN(c2ccc(OC[C@H]3CO[C@](Cn4ccnc4)(c4ccc(Cl)cc4Cl)O3)cc2)CC1,1.0
Drug 6524,O=C(O)c1ccccc1,0.0
Drug 6535,CNC(=S)NN,0.0
Drug 6540,Nc1nc(N)nc(NC2CC2)n1,0.0
Drug 6542,CC(C)[C@H](C(=O)O[C@H](C#N)c1cccc(Oc2ccccc2)c1)c1ccc(Cl)cc1,0.0
Drug 6546,COc1ccccc1/N=N/c1c(S(=O)(=O)[O-])cc2cc(S(=O)(=O)[O-])cc(NC(C)=O)c2c1O.[Na+].[Na+],0.0
Drug 6547,COS(C)(=O)=O,0.0
Drug 6551,CC(C)Oc1cccc(NC(=O)c2ccccc2C(F)(F)F)c1,0.0
Drug 6553,CNC(=C[N+](=O)[O-])NCCSCc1ccc(CN(C)C)o1,0.0
Drug 6562,c1cnc2c(c1)ccc1cccnc12,1.0
Drug 6572,CC(C)(C)c1cc(CCC(=O)OCC(COC(=O)CCc2cc(C(C)(C)C)c(O)c(C(C)(C)C)c2)(COC(=O)CCc2cc(C(C)(C)C)c(O)c(C(C)(C)C)c2)COC(=O)CCc2cc(C(C)(C)C)c(O)c(C(C)(C)C)c2)cc(C(C)(C)C)c1O,0.0
Drug 6577,CC(C)c1nnc2ccc(-c3ocnc3-c3cc(F)ccc3F)cn12,0.0
Drug 6586,OC[C@H](O)[C@H](O)[C@@H](O)[C@H](O)CO,0.0
Drug 6595,O=C1CN(N=Cc2ccc([N+](=O)[O-])o2)C(=O)N1,0.0
Drug 6600,CCC/C=C/C=O,0.0
Drug 6605,CNC(=S)[S-].O.O.O.[Na+],0.0
Drug 6619,CS(=O)(=O)O.Cc1cc(CCN2CCN(c3nsc4ccccc34)CC2)cc2c1NC(=O)CC2(C)C,1.0
Drug 6632,CCCN(CCOc1c(Cl)cc(Cl)cc1Cl)C(=O)n1ccnc1,1.0
Drug 6638,OCCC(F)(F)C(F)(F)C(F)(F)C(F)(F)C(F)(F)C(F)(F)C(F)(F)C(F)(F)F,1.0
Drug 6658,CN(C)C=O,0.0
Drug 6660,O=C(Nc1ccccc1)Nc1ccnc(Cl)c1,1.0
Drug 6665,C#C[C@]1(O)CC[C@H]2[C@@H]3CCC4=CC(=O)CC[C@@H]4[C@H]3CC[C@@]21C,0.0
Drug 6669,CC1=C(/C=C/C(C)=C/C=C/C(C)=C/CO)C(C)(C)CCC1,0.0
Drug 6673,CCCC[Sn](Cl)(Cl)CCCC,1.0
Drug 6676,CC1(C)C(C=C(Cl)Cl)C1C(=O)OC(C#N)c1ccc(F)c(Oc2ccccc2)c1,1.0
Drug 6689,CN(N=O)C(N)=O,0.0
Drug 6691,COc1ccc(/N=N/c2cc(C)c(/N=N/c3ccc(S(=O)(=O)[O-])cc3)cc2OC)cc1.[Na+],0.0
Drug 6700,CCCOC/C(=N\c1ccc(Cl)cc1C(F)(F)F)n1ccnc1,1.0
Drug 6713,N[C@@H](Cc1cc(I)c(Oc2ccc(O)c(I)c2)c(I)c1)C(=O)O,0.0
Drug 6728,CN(C)CCCN1c2ccccc2Sc2ccc(Cl)cc21.Cl,1.0
Drug 6731,O=C(O)CC(O)C(=O)O,0.0
Drug 6735,CNC(=O)/C=C(\C)OP(=O)(OC)OC,0.0
Drug 6740,C=CCCCCCCCCC(=O)OCC,0.0
Drug 6752,Nc1c(Cl)c(F)nc(OCC(=O)O)c1Cl,0.0
Drug 6761,CCC1CCC(=O)O1,0.0
Drug 6772,O=c1[nH]cnc2c1ncn2[C@H]1CC[C@@H](CO)O1,0.0
Drug 6774,OC[C@@H](O)[C@@H](O)[C@H](O)[C@H](O)CO,0.0
Drug 6777,O=C(O)c1ccccc1O,0.0
Drug 6778,Cl.Nc1ccn([C@@H]2O[C@H](CO)[C@@H](O)[C@@H]2O)c(=O)n1,0.0
Drug 6781,COC(=O)C(C)Oc1ccc(Oc2ncc(C(F)(F)F)cc2Cl)cc1,0.0
Drug 6782,CCCCOC(=O)C(C)Oc1ccc(Oc2ccc(C(F)(F)F)cn2)cc1,0.0
Drug 6804,CCCCCCC1(C)CCC(=O)O1,0.0
Drug 6824,CC(=Cc1ccccc1)[N+](=O)[O-],1.0
Drug 6825,CCCCC1CCC(O)CC1,0.0
Drug 6829,CCCCCCC1CCC(=O)O1,0.0
Drug 6852,CCCO,0.0
Drug 6880,CCCCCCCCCC[N+](C)(C)CCCCCCCCCC.[Cl-],1.0
Drug 6883,CC(C)c1cc(C(C)C)cc(C(C)C)c1,0.0
Drug 6898,CS(=O)(=O)NC(=O)c1cc(Oc2ccc(C(F)(F)F)cc2Cl)ccc1[N+](=O)[O-],0.0
Drug 6906,C#C[C@]1(O)CC[C@H]2[C@@H]3CCc4cc(OC)ccc4[C@H]3CC[C@@]21C,0.0
Drug 6913,COc1ccc(C(c2ccc(OC)cc2)C(Cl)(Cl)Cl)cc1,1.0
Drug 6923,Clc1ccc(C(c2ccc(Cl)cc2)C(Cl)Cl)cc1,1.0
Drug 6924,ClC(Cl)=C(c1ccc(Cl)cc1)c1ccc(Cl)cc1,1.0
Drug 6940,CSc1nc(NC(C)C)nc(NC(C)C)n1,0.0
Drug 6949,CC(C)(C)c1cc(C(C)(C)C)c(O)c(C(C)(C)C)c1,0.0
Drug 6980,C=CC[N+](C)(C)CC=C.[Cl-],0.0
Drug 6983,CCCC(=NOCC)C1=C(O)CC(CC(C)SCC)CC1=O,0.0
Drug 6991,CC(C)OP(=S)(OC(C)C)SCCNS(=O)(=O)c1ccccc1,1.0
Drug 7006,O=C(Oc1ccccc1)c1cccc(C(=O)Oc2ccccc2)c1,0.0
Drug 7052,CC[C@H](C)C(=O)O[C@H]1C[C@@H](C)C=C2C=C[C@H](C)[C@H](CC[C@@H]3C[C@@H](O)CC(=O)O3)[C@H]21,1.0
Drug 7063,NS(=O)(=O)C(F)(F)C(F)(F)C(F)(F)C(F)(F)C(F)(F)C(F)(F)C(F)(F)C(F)(F)F,1.0
Drug 7077,C[As](C)(=O)O,0.0
Drug 7080,CC(C)(C)N,0.0
Drug 7082,COP(C)(=O)OC,0.0
Drug 7113,CCCN(CCC)C(=O)SCC,0.0
Drug 7117,C=CC(Cl)CCl,0.0
Drug 7128,CCOP(O)OCC,0.0
Drug 7148,ClC1=C(Cl)C2(Cl)C3C(Cl)C=CC3C1(Cl)C2(Cl)Cl,1.0
Drug 7165,CCOC(=O)C(C)Oc1ccc(Oc2cnc3cc(Cl)ccc3n2)cc1,0.0
Drug 7170,O=P(O)(O)O,0.0
Drug 7185,[Na]I,0.0
Drug 7191,O[Sn](c1ccccc1)(c1ccccc1)c1ccccc1,1.0
Drug 7195,CC(C)=CC1C(C(=O)OCN2C(=O)C3=C(CCCC3)C2=O)C1(C)C,0.0
Drug 7199,CC(O)COc1ccccc1,0.0
Drug 7205,O=C1OC(c2ccc(O)cc2)(c2ccc(O)cc2)c2ccccc21,1.0
Drug 7230,ClC1=C(Cl)C(Cl)(Cl)C(Cl)=C1Cl,1.0
Drug 7233,CCOC(=O)C(C)OC(=O)c1cc(Oc2ccc(C(F)(F)F)cc2Cl)ccc1[N+](=O)[O-],0.0
Drug 7240,O=[N+]([O-])[O-].[K+],0.0
Drug 7251,CC1(C)NC(=O)NC1=O,0.0
Drug 7253,NS(=O)(=O)[O-].[NH4+],0.0
Drug 7255,C1=CC2C3C=CC(C3)C2C1,0.0
Drug 7258,O=S(=O)([O-])OOS(=O)(=O)[O-].[Na+].[Na+],0.0
Drug 7274,CCOC(=O)C1OC1(C)c1ccccc1,0.0
Drug 7276,CC1=CC[C@H]2C[C@@H]1C2(C)C,0.0
Drug 7279,NC(CO)(CO)CO,0.0
Drug 7280,COC(O)C=C(C)O[PH](O)(OC)OC,0.0
Drug 7291,CCCCOC(=O)CC(CC(=O)OCCCC)(OC(C)=O)C(=O)OCCCC,0.0
Drug 7295,O=C(O)CC(O)(CC(=O)O)C(=O)O,0.0
Drug 7296,CCOC(=O)CC(O)(CC(=O)OCC)C(=O)OCC,0.0
Drug 7300,CCO[Si](CC)(OCC)OCC,0.0
Drug 7314,CCOP(=O)(OCC)OCC,0.0
Drug 7324,CCCCSP(=O)(SCCCC)SCCCC,1.0
Drug 7329,CC1=CC(=O)CC(C)(C)C1,0.0
Drug 7333,CC(C)(C)OOC(C)(C)CCC(C)(C)OOC(C)(C)C,0.0
Drug 7336,CCC(C)(O)CCCC(C)C,0.0
Drug 7337,C=CC(C)(O)CCC=C(C)C,0.0
Drug 7345,CC(C)C#N,0.0
Drug 7374,CCCCCc1ccc(Cl)cc1,0.0
Drug 7380,O=C(O)CO,0.0
Drug 7390,COC(=O)c1sccc1S(=O)(=O)NC(=O)Nc1nc(C)nc(OC)n1,0.0
Drug 7400,C=C(C)C(N)=O,0.0
Drug 7404,O=C(O)C(Cl)Cl,0.0
Drug 7410,Cc1c(F)c(F)c(COC(=O)C2C(/C=C(\Cl)C(F)(F)F)C2(C)C)c(F)c1F,0.0
Drug 7414,CN(C)[C@@H]1C(O)=C(C(N)=O)C(=O)[C@@]2(O)C(O)=C3C(=O)c4c(O)cccc4[C@@](C)(O)[C@H]3[C@H](O)[C@@H]12,0.0
Drug 7416,O=[N+]([O-])c1cc(C(F)(F)F)c(Cl)c([N+](=O)[O-])c1Nc1ncc(C(F)(F)F)cc1Cl,1.0
Drug 7422,C#C[C@]1(O)CC[C@H]2[C@@H]3CCC4=CC(=O)CC[C@@H]4[C@H]3CC[C@@]21CC,0.0
Drug 7433,CC(C)(c1cc(Br)c(O)c(Br)c1)c1cc(Br)c(O)c(Br)c1,1.0
Drug 7434,CC(C)(c1cc(Cl)c(O)c(Cl)c1)c1cc(Cl)c(O)c(Cl)c1,1.0
Drug 7436,CCCCC(O)(Cn1cncn1)c1ccc(Cl)cc1Cl,1.0
Drug 7442,O=C1c2ccccc2C(=O)C1c1ccc2cc(S(=O)(=O)[O-])cc(S(=O)(=O)[O-])c2n1.[Na+].[Na+],0.0
Drug 7443,CC(C)(c1ccc(O)cc1)c1ccc(O)cc1,1.0
Drug 7445,O=S(=O)(c1ccc(Cl)cc1)c1ccc(Cl)cc1,0.0
Drug 7451,CC(C)(OO)c1ccccc1,1.0
Drug 7452,S=C([S-])NCCNC(=S)[S-].S=C([S-])NCCNC(=S)[S-].[Mn+2].[Zn+2],0.0
Drug 7465,CC(C)(OOC(C)(C)c1ccccc1)c1ccccc1,1.0
Drug 7468,CCC(C)(C)c1ccc(O)cc1,1.0
Drug 7475,CC(C=O)Cc1ccc(C(C)(C)C)cc1,0.0
Drug 7476,CC1=CCC2CC1C2(C)C,0.0
Drug 7485,CCOc1ccc(C(C)(C)COCc2cccc(Oc3ccccc3)c2)cc1,0.0
Drug 7491,O=C1NS(=O)(=O)c2ccccc21,0.0
Drug 7510,CC(C)C1(C)N=C(c2nc3ccccc3cc2C(=O)O)NC1=O,0.0
Drug 7527,CCCCCCCCCCCCCC[P+](CCCC)(CCCC)CCCC.[Cl-],1.0
Drug 7528,CC1(C)CON(Cc2ccccc2Cl)C1=O,0.0
Drug 7530,CC(=O)CC(c1ccccc1)c1c(O)c2ccccc2oc1=O,0.0
Drug 7534,C=CC(=O)OCCO,1.0
Drug 7538,O=C(O)c1ccccc1C(c1ccc(O)cc1)c1ccc(O)cc1,0.0
Drug 7557,O.O=C1[N-]S(=O)(=O)c2ccccc21.[Na+],0.0
Drug 7560,O=[N+]([O-])c1ccccc1[O-].[Na+],0.0
Drug 7562,CCCCCCOC(=O)CC(CC(=O)OCCCCCC)(OC(=O)CCC)C(=O)OCCCCCC,0.0
Drug 7564,O=[N+]([O-])c1ccc([O-])cc1.[Na+],0.0
Drug 7566,CCC(C)(CC)c1cc(NC(=O)c2c(OC)cccc2OC)on1,0.0
Drug 7575,Cl.O=C(c1ccc(OCCN2CCCCC2)cc1)c1c(-c2ccc(O)cc2)sc2cc(O)ccc12,1.0
Drug 7579,O=[N+]([O-])c1c(Cl)c(Cl)c(Cl)c(Cl)c1Cl,0.0
Drug 7583,Cc1ccc(C)c(S(=O)(=O)[O-])c1.[Na+],0.0
Drug 7584,Cc1ccc(S(=O)(=O)[O-])c(C)c1.[Na+],0.0
Drug 7589,CC(=O)OC1CC(C)OC(C)O1,0.0
Drug 7623,Cc1cccc([N+](=O)[O-])c1C,0.0
Drug 7637,CC(C)(C)C(O)/C(=C\c1ccc(Cl)cc1Cl)n1cncn1,1.0
Drug 7639,Cn1cnc2c1c(=O)[nH]c(=O)n2C,0.0
Drug 7643,C=C(C)[C@H]1Cc2c(ccc3c2O[C@@H]2COc4cc(OC)c(OC)cc4[C@@H]2C3=O)O1,1.0
Drug 7644,CCCCC(CC)COC(=O)/C=C/c1ccc(OC)cc1,1.0
Drug 7647,O=P(O)(Oc1ccccc1)Oc1ccccc1,0.0
Drug 7648,Cc1cc(Cc2ccc(N)c(C)c2)ccc1N,0.0
Drug 7662,CC[C@H](c1ccc(O)cc1)[C@@H](CC)c1ccc(O)cc1,0.0
Drug 7666,Oc1ccc2ccccc2c1/N=N/c1ccccc1,1.0
Drug 7673,CC#C[C@]1(O)CC[C@H]2[C@@H]3CCC4=CC(=O)CCC4=C3[C@@H](c3ccc(N(C)C)cc3)C[C@@]21C,1.0
Drug 7694,CC(C)COC(=O)c1ccccc1C(=O)OCC(C)C,1.0
Drug 7696,CCCCOC(=O)c1ccccc1C(=O)OCCCC,1.0
Drug 7697,CCCCCCOC(=O)c1ccccc1C(=O)OCCCCCC,0.0
Drug 7709,c1ccc2c(c1)ccc1ccccc12,0.0
Drug 7719,Cc1cc(C)n(CO)n1,1.0
Drug 7725,O=C1NC(=O)c2ccccc21,0.0
Drug 7731,C[Si](Cn1cncn1)(c1ccc(F)cc1)c1ccc(F)cc1,1.0
Drug 7732,CCC(C)N(C)C(=O)c1cc2ccccc2c(-c2ccccc2Cl)n1,0.0
Drug 7735,CCCCOC(=O)c1ccccc1C(=O)OCc1ccccc1,0.0
Drug 7758,O=C(O)c1ccccc1-n1cc(C(=O)O)c(=O)c2cc(Nc3c(F)cc(F)cc3Cl)c(Cl)cc21,0.0
Drug 7761,O=NN(c1ccccc1)c1ccccc1,0.0
Drug 7771,O=C(NC(=O)c1c(F)cccc1F)Nc1cc(Cl)c(OC(F)(F)C(F)F)c(Cl)c1,0.0
Drug 7773,COP(=S)(OC)SCn1nnc2ccccc2c1=O,0.0
Drug 7777,c1ccc2c(c1)Cc1ccccc1-2,0.0
Drug 7788,O=C(O)Cc1cccc2ccccc12,0.0
Drug 7791,CO[PH](=O)OC,0.0
Drug 7795,Cc1cc(=O)oc2cc(N(C)C)ccc12,0.0
Drug 7804,CC(C)(C)c1ccc(OC(=O)c2ccccc2O)cc1,1.0
Drug 7810,CCOC(=O)c1ccccc1C,0.0
Drug 7834,CCCCCOC(=O)COc1cc(N2C(=O)C3=C(CCCC3)C2=O)c(F)cc1Cl,0.0
Drug 7838,Clc1cccc(Cl)c1Cl,0.0
Drug 7839,Cc1cccc(C)c1N,0.0
Drug 7842,COCC(C)N(C(=O)CCl)c1c(C)csc1C,0.0
Drug 7844,ClC(Cl)=C(Cl)C(Cl)=C(Cl)Cl,0.0
Drug 7845,O=C(O)[C@H](O)[C@@H](O)C(=O)O,0.0
Drug 7846,O=C([O-])c1ccccc1C(=O)O.[K+],0.0
Drug 7851,CCON=C(CC)C1=C(O)CC(c2c(C)cc(C)cc2C)CC1=O,0.0
Drug 7857,O=c1n(Cl)c(=O)n(Cl)c(=O)n1Cl,0.0
Drug 7871,C=CN1CCCC1=O,0.0
Drug 7881,CCc1cc(Cc2cc(CC)cc(C(C)(C)C)c2O)c(O)c(C(C)(C)C)c1,1.0
Drug 7884,O=[N+]([O-])c1ccc(O)cc1C(F)(F)F,1.0
Drug 7885,CC(=O)OC1CCCCC1C(C)(C)C,0.0
Drug 7895,Cc1ccc(C(C)(C)C)c(O)c1,1.0
Drug 7901,CCCCC(C#N)(Cn1cncn1)c1ccc(Cl)cc1,0.0
Drug 7906,CC(C)c1ccccc1O,0.0
Drug 7914,CCC(C)c1cc([N+](=O)[O-])cc([N+](=O)[O-])c1O,1.0
Drug 7921,CCCCCCCCOC(=O)c1ccc(C(=O)OCCCCCCCC)c(C(=O)OCCCCCCCC)c1,0.0
Drug 7951,CCC(C)c1ccccc1O,1.0
Drug 7959,Cc1ccc(C(C)C)c(O)c1,0.0
Drug 7961,Cc1ccc([N+](=O)[O-])c(C)c1,0.0
Drug 7963,CCc1ccccc1O,0.0
Drug 7965,O=Cc1ccccc1O,0.0
Drug 7968,COc1ccccc1N,0.0
Drug 7970,COc1ccccc1O,0.0
Drug 7973,Cc1cccc2ccccc12,0.0
Drug 7975,Oc1cccc2ccccc12,1.0
Drug 7986,CC(O)(CS(=O)(=O)c1ccc(F)cc1)C(=O)Nc1ccc(C#N)c(C(F)(F)F)c1,0.0
Drug 7990,Oc1ccccc1-c1ccccc1,1.0
Drug 8001,CN(C)Cc1cc(CN(C)C)c(O)c(CN(C)C)c1,0.0
Drug 8006,CC[N+](CC)(CC(=O)Nc1c(C)cccc1C)Cc1ccccc1.O=C1[N-]S(=O)(=O)c2ccccc21,0.0
Drug 8010,CN(C)c1ccc(C(=O)c2ccc(N(C)C)cc2)cc1,1.0
Drug 8023,c1ccc2ccccc2c1,0.0
Drug 8025,c1ccc2ncccc2c1,0.0
Drug 8035,CCOc1ccc2c(c1)C(C)=CC(C)(C)N2,1.0
Drug 8044,Cc1ccc2ncccc2c1,0.0
Drug 8046,O=c1ccc2ccccc2o1,0.0
Drug 8048,CCN(CC)c1ccccc1,0.0
Drug 8059,CCO[Si](CCCN)(OCC)OCC,0.0
Drug 8065,Oc1ccc(-c2ccccc2)c(Cl)c1,1.0
Drug 8076,CCCCN(CCCC)N=O,0.0
Drug 8083,c1ccc(-c2ccccc2)cc1,0.0
Drug 8093,O=C1CCC(C2CCCCC2)CC1,0.0
Drug 8094,Oc1ccc(-c2ccccc2)cc1,0.0
Drug 8100,Nc1ccc(-c2ccc(N)cc2)cc1,0.0
Drug 8110,CCOC(=O)COc1ccc2c(c1)CC(NCC(O)c1cccc(Cl)c1)CC2.Cl,1.0
Drug 8117,O=NN1CCCC1,0.0
Drug 8120,CC(=O)c1ccc2ccccc2c1,0.0
Drug 8126,C=CCc1ccc(OC)c(OC)c1,0.0
Drug 8149,OCC(O)c1ccccc1,0.0
Drug 8154,Cc1cc(Cl)ccc1OC(C)C(=O)O,0.0
Drug 8158,O=C(O)COc1cc(Cl)c(Cl)cc1Cl,0.0
Drug 8160,CC(C)(C)C(=O)c1ccccc1,0.0
Drug 8164,CCOC(=O)c1ccccc1,1.0
Drug 8166,CC(=O)OC(C)c1ccccc1,0.0
Drug 8170,O=C(Oc1ccccc1)c1ccccc1,0.0
Drug 8176,CCOC(=O)c1ccc(C)cc1,0.0
Drug 8182,CCCOC(=O)c1ccc(O)cc1,0.0
Drug 8186,O=C(OCc1ccccc1)c1ccc(O)cc1,1.0
Drug 8197,CC(C1CC1)C(O)(Cn1cncn1)c1ccc(Cl)cc1,0.0
Drug 8203,CC(C)CCOC(=O)c1ccccc1,0.0
Drug 8204,O=C(OCCc1ccccc1)c1ccccc1,1.0
Drug 8208,C=CCc1ccc2c(c1)OCO2,0.0
Drug 8209,COC(=O)C1CCC(C(=O)OC)CC1,0.0
Drug 8214,CCOc1ccccc1O,0.0
Drug 8217,Cc1cc(Cl)ccc1OCC(=O)O,0.0
Drug 8220,O=C(O)COc1ccc(Cl)cc1Cl,0.0
Drug 8221,CCCCOC(=O)COc1ccc(Cl)cc1Cl,1.0
Drug 8222,Cc1cc(Cl)ccc1OCCCC(=O)O,0.0
Drug 8226,CC(C/N=C/c1ccccc1O)/N=C/c1ccccc1O,0.0
Drug 8227,CCCC(O)C(CC)CO,0.0
Drug 8231,COc1nn(CSP(=S)(OC)OC)c(=O)s1,0.0
Drug 8234,c1ccc2[nH]nnc2c1,0.0
Drug 8250,Cc1ccccc1O,0.0
Drug 8251,Cc1ccccc1Cl,0.0
Drug 8252,Clc1ccccc1Cl,0.0
Drug 8255,Nc1ccccc1N,1.0
Drug 8258,Oc1ccccc1Cl,0.0
Drug 8261,Cc1ccc(C)c(C)c1,0.0
Drug 8263,Cc1ccc(O)cc1C,0.0
Drug 8268,CC(COc1ccc(Oc2ccccc2)cc1)Oc1ccccn1,0.0
Drug 8270,Cc1ccc(N)cc1Cl,0.0
Drug 8271,CN(C)C(=O)C(c1ccccc1)c1ccccc1,0.0
Drug 8273,Nc1ccc(Cl)c(Cl)c1,0.0
Drug 8280,Nc1ccc(Cl)cc1N,1.0
Drug 8284,Cc1ccc(C)c(O)c1,0.0
Drug 8287,Cc1cc(C)c(C)cc1C,0.0
Drug 8288,Clc1cc(Cl)c(Cl)cc1Cl,0.0
Drug 8289,Oc1cc(Cl)c(Cl)cc1Cl,1.0
Drug 8291,O=S1OC[C@@H]2[C@H](CO1)[C@]1(Cl)C(Cl)=C(Cl)[C@@]2(Cl)C1(Cl)Cl,1.0
Drug 8295,c1ccc(B(c2ccccc2)c2ccccc2)cc1,0.0
Drug 8297,c1ccc(C2CO2)cc1,0.0
Drug 8305,OC(CCl)CCl,0.0
Drug 8306,OCC(O)CCl,0.0
Drug 8307,CCOP(=O)(OCC)Oc1cc(C)nc(C(C)C)n1,0.0
Drug 8309,CCC(C)=NO,0.0
Drug 8315,OC1CCCC1,0.0
Drug 8320,CC(C)(C)c1ccc(CSc2cnn(C(C)(C)C)c(=O)c2Cl)cc1,0.0
Drug 8330,CCc1ccc(O)c(C(C)(C)C)c1,1.0
Drug 8332,CC(C)(C)c1ccc(O)c(C(C)(C)C)c1,1.0
Drug 8336,CCC(Cc1c(I)cc(I)c(N)c1I)C(=O)O,0.0
Drug 8352,Oc1ccc(Cl)cc1Cc1cc(Cl)ccc1O,1.0
Drug 8357,Cc1c(C)c2c(c(C)c1O)CCC(C)(COc1ccc(CC3SC(=O)NC3=O)cc1)O2,1.0
Drug 8366,C=CCc1ccc(O)c(OC)c1,0.0
Drug 8367,CC=Cc1ccc(O)c(OC)c1,0.0
Drug 8368,Cc1cc(N=Nc2ccccc2C)ccc1N,1.0
Drug 8369,NC(=O)NC1NC(=O)NC1=O,0.0
Drug 8379,CCN(CC)C(=S)SSC(=S)N(CC)CC,1.0
Drug 8394,O=Cc1ccco1,0.0
Drug 8397,ClC(Cl)(Cl)c1ccccc1,0.0
Drug 8419,CC(C)(C)C1CCC(O)CC1,0.0
Drug 8421,CC(C)(C)c1ccc(O)cc1,1.0
Drug 8431,CC1COc2ccccc2N1C(=O)C(Cl)Cl,1.0
Drug 8440,CC(=O)c1ccccc1,0.0
Drug 8446,NC(=O)c1cccnc1,0.0
Drug 8450,O=[N+]([O-])c1ccccc1,0.0
Drug 8453,Cc1ccn2nc(S(=O)(=O)Nc3c(F)cccc3F)nc2n1,0.0
Drug 8459,CN(C)c1cccc(O)c1,0.0
Drug 8460,Cc1cccc([N+](=O)[O-])c1,0.0
Drug 8468,Nc1c(Cl)cc([N+](=O)[O-])cc1Cl,0.0
Drug 8477,Cc1ccc([N+](=O)[O-])cc1C,0.0
Drug 8480,Cc1ccc([N+](=O)[O-])cc1N,0.0
Drug 8485,CCCCCC(C)OC(=O)COc1ccc(Cl)c2cccnc12,0.0
Drug 8490,CC(C)c1cccc(C(C)C)c1,0.0
Drug 8492,O=C(Cl)c1cccc(C(=O)Cl)c1,0.0
Drug 8493,O=[N+]([O-])c1cccc([N+](=O)[O-])c1,0.0
Drug 8494,CCCC(CCC)C(=O)O,0.0
Drug 8496,CCC(C)c1ccc(O)cc1,1.0
Drug 8499,COC(=O)c1ccc(O)cc1,0.0
Drug 8502,CC1=CCC(C(C)C)=CC1,0.0
Drug 8503,CC1=CC=C(C(C)C)CC1,0.0
Drug 8504,Cc1ccc(C(C)C)cc1,0.0
Drug 8505,CC(C)c1ccc(O)cc1,0.0
Drug 8510,Cc1ccc(N(C)C)cc1,0.0
Drug 8513,Cc1ccc([N+](=O)[O-])cc1,0.0
Drug 8528,Cc1cc2c3c(c1)C(c1ccccc1)=N[C@@H](NC(=O)c1ccncc1)C(=O)N3CC2,0.0
Drug 8529,CC(C)c1cccc(C(C)C)c1NC(=O)[N-]S(=O)(=O)c1cc(C(C)(C)O)co1.[Na+],0.0
Drug 8530,O=C(O)CCN(C1(C(=O)NO)CCCC1)S(=O)(=O)c1ccc(Oc2ccc(F)cc2)cc1,0.0
Drug 8531,Cc1nc(C)nc(N2C[C@H](C)N(c3ccnc([C@@H](C)O)n3)[C@H](C)C2)n1,0.0
Drug 8532,Nc1cc2c3c(c1)C(c1ccccc1)=N[C@@H](NC(=O)c1cccnc1)C(=O)N3CC2,0.0
Drug 8535,CNC(=O)[C@H]1O[C@@H](n2cnc3c(NCc4cc(Cl)ccc4OCc4cc(C)no4)ncnc32)[C@H](O)[C@@H]1N,0.0
Drug 8538,NC(=O)c1nc(-c2cccc(-c3cc(F)ccc3OCC(F)(F)C(F)(F)F)c2)n[n-]1.O.[K+],1.0
Drug 8539,CC(C)(O)c1cnn2c(-c3ccc(F)c(-c4c(F)cccc4C#N)c3)cnc2n1,0.0
Drug 8540,Cc1ncc([C@@H](CCCCCCc2ccc3c(n2)NCCC3)CC(=O)O)cn1,1.0
Drug 8541,Fc1ccccc1[C@@H](F)CO[C@H]1CC[C@H](Nc2[nH]cnc3nncc2-3)CC1,0.0
Drug 8542,COc1cccc(-c2ccc(/C=C\CN3CCCCCC3)cc2Cl)c1.Cl,1.0
Drug 8543,N#C[C@@H]1CC(F)(F)CN1C(=O)CNC1CC2CCC(C1)N2c1ncccn1,0.0
Drug 8544,CN1CCN(Cc2cc(-c3ccc4nc(O)oc4c3)co2)[C@@H](c2ccc(F)cc2)C1.Cl.O,1.0
Drug 8547,CCOC(=O)[C@]1(c2ccccc2)Oc2ccccc2[C@@H]1N,0.0
Drug 8548,Cl.O=C(N[C@H](c1ccccc1)[C@@H]1CN2CCC1CC2)c1c(Cl)ccc(C(F)(F)F)c1Cl,1.0
Drug 8549,O=C(Nc1ccc2[nH]ccc2c1)c1cc2cc(F)ccc2n1Cc1cccc(F)c1,1.0
Drug 8550,COc1ccc(C(=O)Nc2nc3ccccc3c(NCc3ccccc3)c2C#N)cc1,1.0
Drug 8551,CCOC(=O)O[C@H](C)OC(=O)c1ccc2c(c1)cc(C(=O)NC1CCN(C(C)C)CC1)n2Cc1cc(-c2ccc(Cl)s2)on1.Cl,1.0
Drug 8552,CCN(Cc1cccnc1)C(=O)c1cccc(Cl)c1[C@]1(C)C(=O)N(Cc2ccc(OC)cc2OC)c2ccc(Cl)cc21.Cl,0.0
Drug 8553,CCCOc1sc(C(=O)N2CCC(c3cc(CN)ccc3F)CC2)c(C)c1Br.Cl,1.0
Drug 8554,O=C([O-])c1ccc2c(c1)nc(C(=O)NC1CCN(C3CC3)CC1)n2Cc1cc(-c2ccc(Cl)s2)on1.[Na+],0.0
Drug 8555,CC(=O)O.COCCOc1cc2cc(C(=O)NC3CCN(C(C)C)CC3)n(CC(=O)Nc3ccc(Cl)cn3)c2cn1,0.0
Drug 8556,CC(=O)NC1(c2cccc(F)c2)CCN(CC[C@@]2(c3ccc(Cl)c(Cl)c3)CN(c3ccccc3)C(=O)CO2)CC1.O=C(O)CCC(=O)O,1.0
Drug 8557,CCOC(=O)c1ccc([C@H]2CC[C@H](NC[C@H](O)COc3ccc(O)c(NS(C)(=O)=O)c3)CC2)cc1.Cl,1.0
